Image;TEMP_C;CYC_PRE;CYC_INF;CYC_POST;CYC_TOTAL;US_PRE;US_INF;US_POST;US_TOTAL
Placas11004.jpg;35;1279930;95785771;195;97065896;3199.825;239464.406;0.488;242664.750
Placas11017.jpg;36;1278876;95752781;209;97031866;3197.190;239381.953;0.522;242579.672
Placas11023.jpg;36;1279586;95842617;207;97122410;3198.965;239606.531;0.517;242806.016
Placas11024.jpg;36;1276986;95845075;195;97122256;3192.465;239612.687;0.488;242805.641
Placas11050.jpg;36;1280296;95755505;197;97035998;3200.740;239388.766;0.493;242590.016
Placas11063.jpg;36;1279292;95532361;321;96811974;3198.230;238830.906;0.803;242029.937
Placas11068.jpg;37;1279505;95903804;197;97183506;3198.762;239759.531;0.493;242958.750
Placas11077.jpg;37;1278556;95828535;243;97107334;3196.390;239571.344;0.608;242768.344
Placas11079.jpg;37;1279794;95649135;227;96929156;3199.485;239122.844;0.567;242322.875
Placas11096.jpg;37;1279626;95524007;197;96803830;3199.065;238810.016;0.493;242009.578
Placas11117.jpg;38;1279488;95707855;207;96987550;3198.720;239269.656;0.517;242468.875
Placas11148.jpg;37;1278781;95900784;205;97179770;3196.953;239751.953;0.512;242949.422
Placas11161.jpg;37;1279507;95755206;207;97034920;3198.768;239388.016;0.517;242587.297
Placas11190.jpg;37;1280472;95640885;209;96921566;3201.180;239102.219;0.522;242303.922
Placas11191.jpg;37;1279684;95695915;207;96975806;3199.210;239239.781;0.517;242439.516
Placas11199.jpg;36;1278918;95748447;207;97027572;3197.295;239371.109;0.517;242568.906
Placas11221.jpg;37;1279390;95639665;209;96919264;3198.475;239099.156;0.522;242298.172
Placas11235.jpg;37;1281796;95557187;195;96839178;3204.490;238892.953;0.488;242097.937
Placas11240.jpg;36;1280170;95666559;231;96946960;3200.425;239166.406;0.577;242367.391
Placas11241.jpg;37;1279189;95897964;197;97177350;3197.973;239744.922;0.493;242943.375
Placas11265.jpg;37;1277246;95902281;197;97179724;3193.115;239755.703;0.493;242949.312
Placas11298.jpg;37;1279952;95746393;209;97026554;3199.880;239365.969;0.522;242566.375
Placas11299.jpg;36;1280146;95916191;207;97196544;3200.365;239790.484;0.517;242991.359
Placas11318.jpg;38;1279224;95767711;209;97047144;3198.060;239419.281;0.522;242617.859
Placas11330.jpg;37;1280513;95658258;205;96938976;3201.282;239145.641;0.512;242347.437
Placas11334.jpg;37;1279770;95672255;207;96952232;3199.425;239180.641;0.517;242380.594
Placas11346.jpg;37;1279302;95773593;193;97053088;3198.255;239433.984;0.482;242632.734
Placas11359.jpg;36;1279827;95694082;231;96974140;3199.567;239235.187;0.577;242435.359
Placas11377.jpg;37;1276740;95805409;209;97082358;3191.850;239513.531;0.522;242705.891
Placas11379.jpg;38;1278168;95738083;195;97016446;3195.420;239345.187;0.488;242541.125
Placas11381.jpg;37;1280170;95714419;195;96994784;3200.425;239286.047;0.488;242486.953
Placas11401.jpg;38;1278776;95727061;1149;97006986;3196.940;239317.656;2.872;242517.469
Placas11415.jpg;38;1278510;95801421;197;97080128;3196.275;239503.562;0.493;242700.312
Placas11418.jpg;37;1279646;95705731;207;96985584;3199.115;239264.328;0.517;242463.969
Placas11420.jpg;37;1281658;95613931;209;96895798;3204.145;239034.812;0.522;242239.484
Placas11426.jpg;37;1278122;95795541;195;97073858;3195.305;239488.859;0.488;242684.625
Placas11428.jpg;38;1277460;95875107;207;97152774;3193.650;239687.766;0.517;242881.937
Placas11431.jpg;37;1278837;95651312;205;96930354;3197.093;239128.281;0.512;242325.875
Placas11432.jpg;37;1279002;95644597;193;96923792;3197.505;239111.500;0.482;242309.469
Placas11449.jpg;36;1279328;95649317;205;96928850;3198.320;239123.297;0.512;242322.125
Placas11451.jpg;37;1280288;95697051;215;96977554;3200.720;239242.625;0.538;242443.875
Placas11475.jpg;37;1279711;95746572;197;97026480;3199.277;239366.437;0.493;242566.203
Placas11477.jpg;38;1278278;95634967;205;96913450;3195.695;239087.422;0.512;242283.609
Placas11493.jpg;38;1278700;95637449;209;96916358;3196.750;239093.609;0.522;242290.891
Placas11502.jpg;37;1279488;95860877;197;97140562;3198.720;239652.187;0.493;242851.391
Placas11504.jpg;37;1280555;95672792;209;96953556;3201.387;239181.984;0.522;242383.875
Placas11507.jpg;37;1279098;95740661;197;97019956;3197.745;239351.672;0.493;242549.891
Placas11508.jpg;37;1280004;95707177;209;96987390;3200.010;239267.937;0.522;242468.484
Placas11510.jpg;38;1282120;95830667;231;97113018;3205.300;239576.656;0.577;242782.547
Placas11513.jpg;37;1281804;95669569;209;96951582;3204.510;239173.922;0.522;242378.953
Placas11524.jpg;37;1279599;95643914;207;96923720;3198.998;239109.781;0.517;242309.297
Placas11528.jpg;38;1278646;95712667;323;96991636;3196.615;239281.672;0.808;242479.094
Placas11538.jpg;37;1278518;95614683;197;96893398;3196.295;239036.703;0.493;242233.484
Placas11544.jpg;37;1279928;95650357;229;96930514;3199.820;239125.891;0.572;242326.266
Placas11555.jpg;36;1277674;95736189;207;97014070;3194.185;239340.469;0.517;242535.187
Placas11580.jpg;38;1279487;95718820;197;96998504;3198.718;239297.031;0.493;242496.266
Placas11586.jpg;37;1279332;95793087;207;97072626;3198.330;239482.719;0.517;242681.562
Placas11589.jpg;38;1279510;95478479;211;96758200;3198.775;238696.203;0.527;241895.500
Placas11601.jpg;38;1279592;95734299;207;97014098;3198.980;239335.734;0.517;242535.234
Placasm10027.jpg;37;1273554;95728973;197;97002724;3183.885;239322.437;0.493;242506.797
Placasm10043.jpg;38;1274670;95856229;209;97131108;3186.675;239640.578;0.522;242827.766
Placasm10115.jpg;38;1273376;95843223;195;97116794;3183.440;239608.062;0.488;242791.984
Placasm10140.jpg;37;1274052;95740193;205;97014450;3185.130;239350.469;0.512;242536.109
Placasm10141.jpg;36;1279686;95703761;193;96983640;3199.215;239259.391;0.482;242459.109
Placasm10164.jpg;38;1274240;95751485;211;97025936;3185.600;239378.719;0.527;242564.844
Placasm10167.jpg;36;1275478;95633985;205;96909668;3188.695;239084.953;0.512;242274.156
Placasm10177.jpg;38;1271324;95808565;205;97080094;3178.310;239521.406;0.512;242700.234
Placasm10219.jpg;37;1277238;95689771;207;96967216;3193.095;239224.422;0.517;242418.047
Placasm10220.jpg;37;1278272;95954197;215;97232684;3195.680;239885.500;0.538;243081.734
Placasm10234.jpg;37;1275007;95759846;231;97035084;3187.517;239399.609;0.577;242587.719
Placasm10245.jpg;38;1279954;95736549;207;97016710;3199.885;239341.375;0.517;242541.781
Placasm10260.jpg;37;1272138;95638577;197;96910912;3180.345;239096.453;0.493;242277.281
Placasm10278.jpg;38;1276184;95754779;207;97031170;3190.460;239386.937;0.517;242577.922
Placasm10294.jpg;39;1273150;95788267;195;97061612;3182.875;239470.656;0.488;242654.031
Placasm10297.jpg;38;1275671;95789732;205;97065608;3189.177;239474.312;0.512;242664.016
Placasm10303.jpg;38;1280234;95907981;209;97188424;3200.585;239769.969;0.522;242971.062
Placasm10313.jpg;38;1272060;95671003;197;96943260;3180.150;239177.500;0.493;242358.172
Placasm10349.jpg;38;1274658;95712873;273;96987804;3186.645;239282.172;0.683;242469.531
Placasm10362.jpg;38;1276772;95882639;193;97159604;3191.930;239706.594;0.482;242899.000
Placasm10403.jpg;37;1276474;95923147;205;97199826;3191.185;239807.859;0.512;242999.562
Placasm10408.jpg;37;1280894;95656351;205;96937450;3202.235;239140.891;0.512;242343.609
Placasm10437.jpg;38;1274054;95766867;195;97041116;3185.135;239417.156;0.488;242602.797
Placasm10439.jpg;38;1280554;95773393;1261;97055208;3201.385;239433.484;3.152;242638.016
Placasm10491.jpg;37;1272954;95807879;207;97081040;3182.385;239519.687;0.517;242702.609
Placasm10495.jpg;37;1279188;95850965;195;97130348;3197.970;239627.422;0.488;242825.875
Placasm10570.jpg;39;1273636;95817155;275;97091066;3184.090;239542.891;0.687;242727.672
Placasm10585.jpg;38;1278908;95746691;193;97025792;3197.270;239366.734;0.482;242564.484
Placasm10681.jpg;37;1277736;95677359;197;96955292;3194.340;239193.391;0.493;242388.234
Placasm10692.jpg;37;1274872;95701079;193;96976144;3187.180;239252.703;0.482;242440.359
Placasm10730.jpg;38;1278959;95651950;195;96931104;3197.397;239129.875;0.488;242327.766
Placasm10748.jpg;38;1281306;95560133;211;96841650;3203.265;238900.344;0.527;242104.125
Placasm10811.jpg;38;1273090;95633565;229;96906884;3182.725;239083.922;0.572;242267.187
Placasm10813.jpg;38;1273884;95686893;229;96961006;3184.710;239217.250;0.572;242402.516
Placasm10841.jpg;37;1280090;95884307;207;97164604;3200.225;239710.766;0.517;242911.516
Placasm10846.jpg;38;1274578;95736183;279;97011040;3186.445;239340.453;0.697;242527.594
Placasm10907.jpg;38;1277721;95623528;209;96901458;3194.303;239058.828;0.522;242253.641
Placasm11007.jpg;37;1274491;95747272;195;97021958;3186.228;239368.172;0.488;242554.906
Placasm11031.jpg;37;1277900;95758217;209;97036326;3194.750;239395.547;0.522;242590.828
Placasm11041.jpg;38;1273535;95694626;217;96968378;3183.837;239236.562;0.543;242420.937
Placasm11082.jpg;37;1274000;95758673;207;97032880;3185.000;239396.672;0.517;242582.203
Placasm11184.jpg;37;1277904;95656986;197;96935087;3194.760;239142.453;0.493;242337.719
Placasm11213.jpg;38;1274968;95793585;195;97068748;3187.420;239483.953;0.488;242671.875
Placass10023.jpg;39;1274013;95896626;207;97170846;3185.032;239741.547;0.517;242927.125
Placass10031.jpg;37;1278247;95997104;205;97275556;3195.618;239992.766;0.512;243188.875
Placass10033.jpg;37;1276371;95748270;205;97024846;3190.927;239370.672;0.512;242562.109
Placass10036.jpg;38;1276587;95744458;195;97021240;3191.468;239361.156;0.488;242553.094
Placass10047.jpg;37;1278782;95730547;207;97009536;3196.955;239326.359;0.517;242523.844
Placass10049.jpg;38;1279048;95696237;221;96975506;3197.620;239240.609;0.553;242438.766
Placass10050.jpg;38;1279818;95688937;207;96968962;3199.545;239222.344;0.517;242422.406
Placass10061.jpg;38;1280814;95719451;205;97000470;3202.035;239298.609;0.512;242501.172
Placass10064.jpg;38;1273172;95704955;231;96978358;3182.930;239262.375;0.577;242445.891
Placass10072.jpg;38;1277164;95807391;195;97084750;3192.910;239518.484;0.488;242711.875
Placass10077.jpg;38;1276258;95894335;247;97170840;3190.645;239735.844;0.618;242927.109
Placass10078.jpg;38;1274000;95894233;221;97168454;3185.000;239735.578;0.553;242921.141
Placass10081.jpg;36;1279404;95888901;205;97168510;3198.510;239722.250;0.512;242921.281
Placass10088.jpg;38;1277102;95767259;203;97044564;3192.755;239418.156;0.507;242611.406
Placass10090.jpg;38;1278452;95823693;231;97102376;3196.130;239559.250;0.577;242755.937
Placass10096.jpg;37;1273596;95749137;273;97023006;3183.990;239372.828;0.683;242557.516
Placass10124.jpg;38;1275302;95813769;195;97089266;3188.255;239534.422;0.488;242723.156
Placass10157.jpg;38;1276645;95812706;209;97089560;3191.612;239531.750;0.522;242723.891
Placass10164.jpg;38;1272727;95744852;213;97017792;3181.817;239362.109;0.533;242544.484
Placass10175.jpg;37;1274072;95803727;205;97078004;3185.180;239509.312;0.512;242694.984
Placass10210.jpg;38;1278250;95714905;205;96993360;3195.625;239287.266;0.512;242483.406
Placass10220.jpg;38;1276079;95749583;193;97025855;3190.198;239373.969;0.482;242564.625
Placass10249.jpg;39;1280282;95793005;209;97073496;3200.705;239482.516;0.522;242683.734
Placass10251.jpg;38;1278866;95755657;207;97034730;3197.165;239389.141;0.517;242586.812
Placass10259.jpg;37;1276580;95677807;195;96954582;3191.450;239194.531;0.488;242386.453
Placass10263.jpg;37;1275872;95636349;195;96912416;3189.680;239090.891;0.488;242281.031
Placass10301.jpg;39;1281502;95699443;207;96981152;3203.755;239248.594;0.517;242452.875
Placass10312.jpg;38;1276805;95757926;197;97034928;3192.012;239394.828;0.493;242587.328
Placass10328.jpg;39;1272730;95751729;193;97024652;3181.825;239379.312;0.482;242561.641
Placass10331.jpg;39;1280761;95800220;193;97081174;3201.903;239500.562;0.482;242702.937
Placass10372.jpg;37;1277917;95818194;205;97096316;3194.792;239545.484;0.512;242740.797
Placass10376.jpg;38;1275474;95874307;195;97149976;3188.685;239685.766;0.488;242874.953
Placass10378.jpg;38;1274348;95875713;207;97150268;3185.870;239689.297;0.517;242875.687
Placass10381.jpg;38;1276730;95799875;199;97076804;3191.825;239499.687;0.498;242692.000
Placass10384.jpg;39;1279438;95681907;195;96961540;3198.595;239204.766;0.488;242403.844
Placass10389.jpg;39;1279530;95712577;207;96992314;3198.825;239281.437;0.517;242480.781
Placass10395.jpg;39;1275016;95706707;207;96981930;3187.540;239266.750;0.517;242454.828
Placass10397.jpg;38;1278505;95621676;207;96900388;3196.262;239054.203;0.517;242250.969
Placass10400.jpg;38;1279280;95684483;207;96963970;3198.200;239211.203;0.517;242409.922
Placass10405.jpg;37;1275182;95639825;207;96915214;3187.955;239099.547;0.517;242288.031
Placass10417.jpg;38;1276975;95600918;209;96878102;3192.438;239002.312;0.522;242195.266
Placass10422.jpg;39;1279782;95668961;209;96948952;3199.455;239172.406;0.522;242372.391
Placass10429.jpg;38;1272818;95782477;229;97055524;3182.045;239456.187;0.572;242638.812
Placass10431.jpg;39;1277038;95836417;197;97113652;3192.595;239591.031;0.493;242784.125
Placass10435.jpg;37;1267544;95772771;195;97040510;3168.860;239431.922;0.488;242601.266
Placass10453.jpg;37;1275626;95765209;197;97041032;3189.065;239413.016;0.493;242602.562
Placass10461.jpg;38;1279699;95654182;299;96934180;3199.248;239135.453;0.748;242335.437
Placass10475.jpg;37;1280302;95762005;213;97042520;3200.755;239405.016;0.533;242606.297
Placass10480.jpg;38;1273465;95770270;195;97043930;3183.663;239425.672;0.488;242609.828
Placass10483.jpg;38;1273444;95708965;247;96982656;3183.610;239272.422;0.618;242456.656
Placass10491.jpg;38;1279685;95652312;213;96932210;3199.213;239130.781;0.533;242330.531
Placass10511.jpg;38;1275727;95814960;207;97090894;3189.318;239537.391;0.517;242727.250
Placass10515.jpg;38;1278803;95770112;209;97049124;3197.008;239425.281;0.522;242622.812
Placass10528.jpg;38;1275630;95775181;197;97051008;3189.075;239437.969;0.493;242627.531
Placass10534.jpg;38;1277506;95862787;207;97140500;3193.765;239656.953;0.517;242851.250
Placass10535.jpg;38;1274645;95860274;195;97135114;3186.613;239650.687;0.488;242837.781
Placass10543.jpg;37;1275859;95912714;207;97188780;3189.648;239781.781;0.517;242971.969
Placass10550.jpg;38;1277365;95833960;205;97111530;3193.413;239584.891;0.512;242778.812
Placass10553.jpg;38;1291076;95827225;217;97118518;3227.690;239568.047;0.543;242796.312
Placass10559.jpg;37;1274854;95679053;215;96954122;3187.135;239197.641;0.538;242385.312
Placass10573.jpg;38;1275212;95672961;215;96948388;3188.030;239182.406;0.538;242370.953
Placass10579.jpg;38;1273603;95817902;193;97091698;3184.008;239544.750;0.482;242729.234
Placass10582.jpg;38;1279342;95720017;205;96999564;3198.355;239300.031;0.512;242498.922
Placass10583.jpg;38;1273014;95704313;273;96977600;3182.535;239260.781;0.683;242444.000
Placass10590.jpg;37;1281164;95756981;219;97038364;3202.910;239392.453;0.548;242595.922
Placass10595.jpg;38;1277650;95786891;231;97064772;3194.125;239467.219;0.577;242661.922
Placass10602.jpg;38;1273815;95815726;213;97089754;3184.537;239539.328;0.533;242724.375
Placass10603.jpg;38;1271567;95814702;209;97086478;3178.917;239536.766;0.522;242716.187
Placass10605.jpg;38;1279944;95633675;207;96913826;3199.860;239084.172;0.517;242284.562
Placass10610.jpg;37;1281142;95591889;197;96873228;3202.855;238979.719;0.493;242183.078
Placass10613.jpg;38;1278576;95648521;277;96927374;3196.440;239121.297;0.692;242318.453
Placass10624.jpg;38;1274016;95692875;195;96967086;3185.040;239232.172;0.488;242417.734
Placass10626.jpg;38;1274399;95596250;195;96870844;3185.998;238990.625;0.488;242177.125
Placass10679.jpg;38;1276348;95783057;209;97059614;3190.870;239457.641;0.522;242649.047
Placass10684.jpg;37;1273446;95765733;207;97039386;3183.615;239414.328;0.517;242598.453
Placass10689.jpg;38;1275134;95698555;233;96973922;3187.835;239246.375;0.582;242434.797
Placass10693.jpg;37;1275648;95672325;209;96948182;3189.120;239180.812;0.522;242370.453
Placass10697.jpg;38;1277062;95688695;275;96966032;3192.655;239221.734;0.687;242415.078
Placass10699.jpg;38;1277110;95800825;207;97078142;3192.775;239502.062;0.517;242695.375
Placass10700.jpg;39;1273238;95827641;209;97101088;3183.095;239569.109;0.522;242752.719
Placass10701.jpg;38;1274604;95716929;197;96991730;3186.510;239292.328;0.493;242479.312
Placass10702.jpg;38;1277100;95714493;205;96991798;3192.750;239286.234;0.512;242479.516
Placass10703.jpg;38;1278426;95665985;227;96944638;3196.065;239164.953;0.567;242361.609
Placass10712.jpg;39;1276691;95752950;209;97029850;3191.727;239382.375;0.522;242574.609
Placass10713.jpg;38;1279469;95693000;207;96972676;3198.673;239232.516;0.517;242431.672
Placass10718.jpg;37;1282304;95775777;193;97058274;3205.760;239439.437;0.482;242645.687
Placass10728.jpg;38;1279269;95648340;207;96927816;3198.173;239120.844;0.517;242319.531
Placass10741.jpg;38;1276128;95808483;209;97084820;3190.320;239521.203;0.522;242712.047
Placass10754.jpg;37;1276596;95719663;219;96996478;3191.490;239299.156;0.548;242491.187
Placass10767.jpg;37;1275658;95974947;209;97250814;3189.145;239937.359;0.522;243127.047
Placass10777.jpg;38;1278496;95689275;219;96967990;3196.240;239223.172;0.548;242419.969
Placass10778.jpg;38;1279512;95756743;207;97036462;3198.780;239391.844;0.517;242591.156
Placass10780.jpg;37;1277275;95803912;195;97081382;3193.188;239509.781;0.488;242703.469
Placass10804.jpg;37;1280884;95789661;209;97070754;3202.210;239474.172;0.522;242676.875
Placass10823.jpg;39;1274594;95839267;193;97114054;3186.485;239598.172;0.482;242785.141
Placass10824.jpg;38;1277457;95816030;195;97093682;3193.642;239540.078;0.488;242734.203
Placass10855.jpg;38;1275638;95663483;195;96939316;3189.095;239158.687;0.488;242348.297
Placass10883.jpg;38;1276334;95625447;249;96902030;3190.835;239063.625;0.623;242255.078
Placass10885.jpg;38;1275482;95926765;209;97202456;3188.705;239816.922;0.522;243006.141
Placass10905.jpg;39;1280490;95638451;207;96919148;3201.225;239096.109;0.517;242297.875
Placass10915.jpg;39;1274735;95718446;275;96993456;3186.837;239296.109;0.687;242483.641
Placass10920.jpg;38;1276494;95718979;195;96995668;3191.235;239297.437;0.488;242489.156
Placass10930.jpg;38;1279706;95824651;195;97104552;3199.265;239561.609;0.488;242761.391
Placass10958.jpg;38;1274430;95536837;195;96811462;3186.075;238842.109;0.488;242028.656
Placass10992.jpg;38;1277396;95809253;197;97086846;3193.490;239523.141;0.493;242717.109
Placass10995.jpg;38;1279477;95885530;197;97165204;3198.693;239713.828;0.493;242912.984
Placass11010.jpg;38;1278501;95834966;211;97113678;3196.253;239587.406;0.527;242784.203
Placass11021.jpg;38;1280378;95952913;215;97233506;3200.945;239882.266;0.538;243083.766
Placass11023.jpg;38;1275650;95665241;207;96941098;3189.125;239163.094;0.517;242352.734
Placass11026.jpg;38;1275293;95746910;229;97022432;3188.232;239367.266;0.572;242556.078
Placass11030.jpg;38;1276402;95635639;219;96912260;3191.005;239089.109;0.548;242280.641
Placass11035.jpg;38;1275620;95809539;205;97085364;3189.050;239523.844;0.512;242713.406
Placass11080.jpg;38;1281692;95772269;205;97054166;3204.230;239430.687;0.512;242635.406
Placass11081.jpg;38;1276298;95695209;207;96971714;3190.745;239238.031;0.517;242429.281
Placass11128.jpg;37;1277677;95729552;205;97007434;3194.193;239323.875;0.512;242518.578
Placass11142.jpg;38;1273620;95758227;209;97032056;3184.050;239395.562;0.522;242580.125
Placass11151.jpg;39;1282364;95922721;209;97205294;3205.910;239806.797;0.522;243013.234
Placass11171.jpg;38;1279742;95663107;195;96943044;3199.355;239157.766;0.488;242357.609
Placass11178.jpg;38;1290830;95878831;275;97169936;3227.075;239697.078;0.687;242924.844
Placass11184.jpg;38;1279956;95785653;209;97065818;3199.890;239464.141;0.522;242664.547
Placass11191.jpg;37;1275596;95763473;195;97039264;3188.990;239408.672;0.488;242598.172
Placass11211.jpg;39;1277976;95815661;219;97093856;3194.940;239539.156;0.548;242734.656
Placass11222.jpg;38;1266898;95956167;207;97223272;3167.245;239890.422;0.517;243058.172
Placass11250.jpg;38;1271521;95850036;209;97121766;3178.802;239625.078;0.522;242804.422
Placass11275.jpg;38;1279908;95688725;209;96968842;3199.770;239221.812;0.522;242422.109
Placass11280.jpg;38;1272824;95810269;205;97083298;3182.060;239525.672;0.512;242708.250
Placass11285.jpg;38;1275602;95730505;213;97006320;3189.005;239326.250;0.533;242515.797
Placass11300.jpg;38;1274636;95709045;197;96983878;3186.590;239272.625;0.493;242459.687
Placass11305.jpg;37;1275432;95795239;209;97070880;3188.580;239488.109;0.522;242677.203
Placass11324.jpg;38;1276713;95693290;207;96970210;3191.782;239233.219;0.517;242425.531
Placass11326.jpg;37;1277144;95757509;227;97034880;3192.860;239393.781;0.567;242587.203
Placass11331.jpg;39;1276116;95698353;229;96974698;3190.290;239245.891;0.572;242436.750
Placass11357.jpg;38;1280760;95701715;207;96982682;3201.900;239254.281;0.517;242456.687
Placass11358.jpg;38;1276112;95808943;205;97085260;3190.280;239522.359;0.512;242713.156
Placass11382.jpg;37;1273924;95713581;207;96987712;3184.810;239283.953;0.517;242469.281
Placass11383.jpg;38;1272880;95693203;273;96966356;3182.200;239232.984;0.683;242415.875
Placass11387.jpg;38;1277833;95754532;271;97032636;3194.583;239386.312;0.678;242581.594
Placass11404.jpg;39;1274388;95836749;209;97111346;3185.970;239591.875;0.522;242778.359
Placass11409.jpg;37;1285480;95758425;195;97044100;3213.700;239396.062;0.488;242610.250
Placass11434.jpg;37;1273920;95847345;207;97121472;3184.800;239618.359;0.517;242803.687
Placass11438.jpg;38;1278348;95682991;195;96961534;3195.870;239207.469;0.488;242403.844
Placass11441.jpg;38;1280456;95638477;205;96919138;3201.140;239096.187;0.512;242297.828
Placass11444.jpg;38;1278504;95604409;221;96883134;3196.260;239011.031;0.553;242207.844
Placass11455.jpg;37;1279070;95731735;195;97011000;3197.675;239329.328;0.488;242527.484
Placass11471.jpg;38;1275288;95841617;211;97117116;3188.220;239604.047;0.527;242792.797
Placass11511.jpg;37;1276131;95588722;207;96865060;3190.328;238971.797;0.517;242162.656
Placass11545.jpg;39;1275038;95729615;305;97004958;3187.595;239324.047;0.762;242512.391
Placass11546.jpg;38;1280140;95751647;195;97031982;3200.350;239379.125;0.488;242579.969
Placass11568.jpg;39;1274962;95809147;203;97084312;3187.405;239522.859;0.507;242710.781
Placass11569.jpg;37;1279637;95827304;195;97107136;3199.093;239568.266;0.488;242767.844
Placass11578.jpg;38;1273798;95696381;207;96970386;3184.495;239240.969;0.517;242425.969
Placass11579.jpg;38;1273458;95642981;199;96916638;3183.645;239107.453;0.498;242291.609
Placass11594.jpg;38;1275016;95739039;209;97014264;3187.540;239347.594;0.522;242535.656
Placass11599.jpg;39;1274112;95895069;197;97169378;3185.280;239737.672;0.493;242923.437
Placass11617.jpg;37;1274241;95855286;209;97129736;3185.602;239638.219;0.522;242824.344
Placass11623.jpg;38;1274674;95714561;245;96989480;3186.685;239286.406;0.613;242473.703
Placass11653.jpg;38;1273864;95736683;207;97010754;3184.660;239341.703;0.517;242526.891
Placass11656.jpg;38;1279840;95705531;195;96985566;3199.600;239263.812;0.488;242463.922
Placass11659.jpg;38;1282935;95706982;207;96990124;3207.337;239267.469;0.517;242475.312
Placass11706.jpg;37;1278908;95841955;197;97121060;3197.270;239604.875;0.493;242802.641
Placass11707.jpg;38;1276328;95867773;229;97144330;3190.820;239669.437;0.572;242860.812
plaacaas1008.jpg;38;1279982;95660459;209;96940650;3199.955;239151.141;0.522;242351.625
plaacaas1009.jpg;39;1278464;95669971;207;96948642;3196.160;239174.922;0.517;242371.594
plaacaas1011.jpg;38;1279396;95762665;205;97042266;3198.490;239406.656;0.512;242605.656
plaacaas1012.jpg;38;1281272;95740577;197;97022046;3203.180;239351.437;0.493;242555.109
plaacaas1013.jpg;38;1280032;95882495;203;97162730;3200.080;239706.234;0.507;242906.828
plaacaas1014.jpg;36;1280212;95810063;195;97090470;3200.530;239525.172;0.488;242726.172
plaacaas1033.jpg;39;1279410;95796641;207;97076258;3198.525;239491.594;0.517;242690.656
plaacaas1038.jpg;38;1278710;95931091;207;97210008;3196.775;239827.719;0.517;243025.016
plaacaas1046.jpg;38;1278416;95834005;231;97112652;3196.040;239585.016;0.577;242781.641
plaacaas1054.jpg;38;1279576;95578113;209;96857898;3198.940;238945.281;0.522;242144.734
plaacaas1075.jpg;38;1279054;95763223;209;97042486;3197.635;239408.062;0.522;242606.219
plaacaas1100.jpg;39;1279994;95790727;231;97070952;3199.985;239476.828;0.577;242677.375
plaacaas1121.jpg;39;1279128;95728053;193;97007374;3197.820;239320.156;0.482;242518.437
plaacaas1132.jpg;38;1280114;95679845;201;96960160;3200.285;239199.625;0.502;242400.406
plaacaas1160.jpg;39;1277689;95586352;201;96864242;3194.222;238965.875;0.502;242160.594
plaacaas1162.jpg;39;1281180;95527781;213;96809174;3202.950;238819.453;0.533;242022.937
plaacaas1179.jpg;38;1280172;95747313;193;97027678;3200.430;239368.281;0.482;242569.203
plaacaas1190.jpg;38;1282066;95752475;207;97034748;3205.165;239381.172;0.517;242586.891
plaacaas1191.jpg;37;1277883;95713544;321;96991748;3194.708;239283.875;0.803;242479.359
plaacaas1199.jpg;36;1278966;95525963;207;96805136;3197.415;238814.906;0.517;242012.828
plaacaas1211.jpg;38;1278984;95817643;209;97096836;3197.460;239544.109;0.522;242742.078
plaacaas1217.jpg;38;1279322;95606227;203;96885752;3198.305;239015.562;0.507;242214.391
plaacaas1220.jpg;38;1279888;95634409;273;96914570;3199.720;239086.031;0.683;242286.422
plaacaas1222.jpg;39;1280053;95692120;273;96972446;3200.132;239230.312;0.683;242431.125
plaacaas1236(1).jpg;38;1280786;95666699;195;96947680;3201.965;239166.750;0.488;242369.203
plaacaas1237(1).jpg;38;1281057;95810502;197;97091756;3202.642;239526.250;0.493;242729.406
plaacaas1252.jpg;38;1282338;95649019;195;96931552;3205.845;239122.531;0.488;242328.875
plaacaas1260.jpg;38;1279189;95690852;205;96970246;3197.973;239227.125;0.512;242425.609
plaacaas1293.jpg;38;1284646;95877411;207;97162264;3211.615;239693.531;0.517;242905.656
plaacaas1294.jpg;37;1280368;95710505;273;96991146;3200.920;239276.250;0.683;242477.859
plaacaas1310.jpg;37;1277174;95726693;195;97004062;3192.935;239316.734;0.488;242510.172
placaas10002.jpg;39;1267538;95807651;229;97075418;3168.845;239519.125;0.572;242688.531
placaas10035.jpg;38;1276486;95779681;207;97056374;3191.215;239449.203;0.517;242640.953
placaas10060.jpg;38;1273708;95760443;205;97034356;3184.270;239401.094;0.512;242585.875
placaas10061.jpg;38;1279072;95693715;207;96972994;3197.680;239234.266;0.517;242432.469
placaas10062.jpg;38;1279001;95670256;229;96949486;3197.502;239175.641;0.572;242373.734
placaas10065.jpg;38;1277372;95745407;209;97022988;3193.430;239363.516;0.522;242557.484
placaas10075.jpg;38;1276456;95664529;209;96941194;3191.140;239161.312;0.522;242352.984
placaas10116.jpg;38;1279252;95621897;197;96901346;3198.130;239054.734;0.493;242253.359
placaas10158.jpg;38;1275736;95660543;205;96936484;3189.340;239151.344;0.512;242341.203
placaas10167.jpg;37;1275608;95723799;195;96999602;3189.020;239309.500;0.488;242498.984
placaas10181.jpg;38;1280671;95711942;205;96992818;3201.677;239279.859;0.512;242482.047
placaas10195.jpg;38;1280040;95663113;277;96943430;3200.100;239157.781;0.692;242358.594
placaas10196.jpg;38;1277333;95745332;209;97022874;3193.332;239363.328;0.522;242557.187
placaas10198.jpg;38;1278206;95697067;195;96975468;3195.515;239242.656;0.488;242438.672
placaas10211.jpg;38;1272638;95786831;211;97059680;3181.595;239467.078;0.527;242649.187
placaas10212.jpg;39;1278770;95671207;207;96950184;3196.925;239178.031;0.517;242375.469
placaas10225.jpg;38;1280140;95694273;277;96974690;3200.350;239235.672;0.692;242436.734
placaas10258.jpg;38;1279840;95749163;209;97029212;3199.600;239372.891;0.522;242573.047
placaas10293.jpg;37;1281258;95621025;209;96902492;3203.145;239052.547;0.522;242256.250
placaas10358.jpg;38;1278268;95695875;207;96974350;3195.670;239239.687;0.517;242435.891
placaas10393.jpg;38;1277462;95641213;207;96918882;3193.655;239103.031;0.517;242297.203
placaas10400.jpg;38;1276902;95602213;231;96879346;3192.255;239005.531;0.577;242198.359
placaas10402.jpg;38;1276484;95767071;227;97043782;3191.210;239417.687;0.567;242609.469
placaas10413.jpg;38;1279086;95696241;205;96975532;3197.715;239240.609;0.512;242438.844
placaas10416.jpg;38;1277636;95763153;193;97040982;3194.090;239407.875;0.482;242602.469
placaas10428.jpg;38;1279420;95726359;207;97005986;3198.550;239315.891;0.517;242514.953
placaas10437.jpg;38;1280456;95616689;209;96897354;3201.140;239041.703;0.522;242243.375
placaas10447.jpg;37;1281092;95687639;207;96968938;3202.730;239219.109;0.517;242422.344
placaas10452.jpg;38;1280470;95682009;209;96962688;3201.175;239205.016;0.522;242406.719
placaas10456.jpg;38;1280144;95737377;1359;97018880;3200.360;239343.453;3.398;242547.203
placaas10461.jpg;38;1277690;95660215;195;96938100;3194.225;239150.531;0.488;242345.250
placaas10462.jpg;38;1279091;95692518;231;96971840;3197.728;239231.297;0.577;242429.594
placaas10464.jpg;38;1274840;95703041;207;96978088;3187.100;239257.594;0.517;242445.219
placaas10474.jpg;38;1277952;95609153;195;96887300;3194.880;239022.875;0.488;242218.250
placaas10485.jpg;38;1279140;95678165;195;96957500;3197.850;239195.406;0.488;242393.750
placaas10493.jpg;38;1278219;95743076;193;97021488;3195.547;239357.687;0.482;242553.734
placaas10508.jpg;38;1279014;95667869;195;96947078;3197.535;239169.672;0.488;242367.703
placaas10509.jpg;39;1268798;95760015;195;97029008;3171.995;239400.031;0.488;242572.516
placaas10510.jpg;37;1278492;95737349;207;97016048;3196.230;239343.391;0.517;242540.109
placaas10532.jpg;38;1276614;95635779;205;96912598;3191.535;239089.437;0.512;242281.500
placaas10536.jpg;38;1279872;95613631;207;96893710;3199.680;239034.078;0.517;242234.281
placaas10545.jpg;38;1278584;95614299;207;96893090;3196.460;239035.734;0.517;242232.719
placaas10551.jpg;38;1279608;95682541;205;96962354;3199.020;239206.359;0.512;242405.875
placaas10555.jpg;38;1278448;95745101;205;97023754;3196.120;239362.766;0.512;242559.391
placaas10565.jpg;38;1282457;95645522;193;96928172;3206.142;239113.797;0.482;242320.437
placaas10568.jpg;37;1275642;95716861;205;96992708;3189.105;239292.156;0.512;242481.750
placaas10571.jpg;38;1278590;95683907;197;96962694;3196.475;239209.750;0.493;242406.734
placaas10581.jpg;38;1274558;95687699;203;96962460;3186.395;239219.234;0.507;242406.156
placaas10588.jpg;37;1282213;95712900;221;96995334;3205.532;239282.234;0.553;242488.344
placaas10612.jpg;38;1281021;95715396;207;96996624;3202.553;239288.484;0.517;242491.562
placaas10618.jpg;37;1278410;95689025;207;96967642;3196.025;239222.562;0.517;242419.094
placaas10619.jpg;38;1274326;95813271;207;97087804;3185.815;239533.172;0.517;242719.531
placaas10620.jpg;38;1278262;95669135;259;96947656;3195.655;239172.844;0.647;242369.141
placaas10633.jpg;38;1275950;95638113;213;96914276;3189.875;239095.266;0.533;242285.687
placaas10647.jpg;39;1280855;95637876;213;96918944;3202.137;239094.687;0.533;242297.344
placaas10666.jpg;37;1279348;95599463;207;96879018;3198.370;238998.656;0.517;242197.547
placaas10679.jpg;37;1278388;95681139;207;96959734;3195.970;239202.828;0.517;242399.328
placaas10686.jpg;37;1277614;95619717;195;96897526;3194.035;239049.297;0.488;242243.812
placaas10713.jpg;38;1280012;95673557;205;96953774;3200.030;239183.891;0.512;242384.437
placaas10720.jpg;38;1271818;95719743;207;96991768;3179.545;239299.359;0.517;242479.422
placaas10731.jpg;37;1276092;95680335;195;96956622;3190.230;239200.844;0.488;242391.547
placaas10733.jpg;37;1282323;95654338;195;96936856;3205.807;239135.828;0.488;242342.141
placaas10748.jpg;38;1280626;95668703;275;96949604;3201.565;239171.750;0.687;242374.000
placaas10758.jpg;38;1279856;95676495;213;96956564;3199.640;239191.234;0.533;242391.406
placaas10761.jpg;38;1273912;95730931;275;97005118;3184.780;239327.328;0.687;242512.797
placaas10764.jpg;38;1273318;95718009;197;96991524;3183.295;239295.031;0.493;242478.797
placaas10784.jpg;38;1282470;95719527;211;97002208;3206.175;239298.828;0.527;242505.516
placaas10786.jpg;38;1280750;95688581;259;96969590;3201.875;239221.453;0.647;242423.969
placaas10790.jpg;38;1271585;95740298;231;97012114;3178.963;239350.750;0.577;242530.281
placaas10797.jpg;38;1275908;95685493;201;96961602;3189.770;239213.734;0.502;242403.984
placaas10822.jpg;39;1278504;95581185;209;96859898;3196.260;238952.953;0.522;242149.734
placaas10826.jpg;39;1275242;95788303;209;97063754;3188.105;239470.766;0.522;242659.375
placaas10834.jpg;38;1279668;95715875;207;96995750;3199.170;239289.672;0.517;242489.391
placaas10837.jpg;38;1279890;95662873;235;96942998;3199.725;239157.187;0.587;242357.500
placaas10853.jpg;38;1277710;95729587;259;97007556;3194.275;239323.969;0.647;242518.875
placaas10868.jpg;38;1279560;95748743;203;97028506;3198.900;239371.859;0.507;242571.266
placaas10881.jpg;38;1279030;95749617;205;97028852;3197.575;239374.047;0.512;242572.125
placaas10889.jpg;38;1276842;95747111;273;97024226;3192.105;239367.781;0.683;242560.562
placaas10908.jpg;38;1275462;95738145;193;97013800;3188.655;239345.359;0.482;242534.500
placaas10926.jpg;39;1278744;95642463;207;96921414;3196.860;239106.156;0.517;242303.531
placaas10928.jpg;38;1279914;95614491;201;96894606;3199.785;239036.219;0.502;242236.516
placaas10944.jpg;39;1269934;95679239;205;96949378;3174.835;239198.094;0.512;242373.437
placaas10996.jpg;38;1280316;95594919;195;96875430;3200.790;238987.297;0.488;242188.578
placaas10999.jpg;38;1279886;95670519;195;96950600;3199.715;239176.312;0.488;242376.500
placaas11009.jpg;38;1281528;95589633;213;96871374;3203.820;238974.078;0.533;242178.437
placaas11011.jpg;37;1276520;95630823;207;96907550;3191.300;239077.062;0.517;242268.875
placaas11036.jpg;39;1277584;95694477;201;96972262;3193.960;239236.203;0.502;242430.672
placaas11060.jpg;37;1282314;95619407;207;96901928;3205.785;239048.531;0.517;242254.812
placaas11066.jpg;38;1276909;95684232;229;96961370;3192.273;239210.578;0.572;242403.422
placaas11091.jpg;38;1280164;95677925;209;96958298;3200.410;239194.828;0.522;242395.750
placaas11113.jpg;37;1279982;95699233;209;96979424;3199.955;239248.078;0.522;242448.562
placaas11114.jpg;38;1275586;95790615;195;97066396;3188.965;239476.531;0.488;242666.016
placaas11116.jpg;37;1278146;95691097;205;96969448;3195.365;239227.750;0.512;242423.625
placaas11119.jpg;37;1278700;95658457;209;96937366;3196.750;239146.156;0.522;242343.422
placaas11132.jpg;38;1281616;95632367;207;96914190;3204.040;239080.922;0.517;242285.484
placaas11145.jpg;37;1275782;95798961;229;97074972;3189.455;239497.406;0.572;242687.437
placaas11150.jpg;38;1277211;95712926;263;96990400;3193.028;239282.312;0.658;242476.000
placaas11152.jpg;38;1277466;95742887;207;97020560;3193.665;239357.234;0.517;242551.406
placaas11157.jpg;38;1280055;95699352;247;96979654;3200.138;239248.391;0.618;242449.141
placaas11170.jpg;39;1277222;95699635;263;96977120;3193.055;239249.078;0.658;242442.812
placaas11184.jpg;38;1275562;95651185;209;96926956;3188.905;239127.969;0.522;242317.406
placaas11188.jpg;37;1277610;95691485;205;96969300;3194.025;239228.719;0.512;242423.250
placaas11198.jpg;38;1282571;95640998;207;96923776;3206.427;239102.500;0.517;242309.437
placaas11211.jpg;39;1272522;95732689;207;97005418;3181.305;239331.719;0.517;242513.547
placaas11227.jpg;39;1275407;95678012;203;96953622;3188.517;239195.031;0.507;242384.062
placaas11234.jpg;37;1278026;95718131;205;96996362;3195.065;239295.312;0.512;242490.891
placaas11237.jpg;37;1278978;95665213;213;96944404;3197.445;239163.031;0.533;242361.000
placaas11246.jpg;38;1275882;95745603;207;97021692;3189.705;239364.000;0.517;242554.234
placaas11256.jpg;38;1283157;95650336;209;96933702;3207.893;239125.844;0.522;242334.266
placaas11265.jpg;38;1277908;95688773;195;96966876;3194.770;239221.937;0.488;242417.203
placaas11268.jpg;38;1280052;95687401;197;96967650;3200.130;239218.500;0.493;242419.109
placaas11278.jpg;39;1276702;95624067;193;96900962;3191.755;239060.172;0.482;242252.406
placaas11283.jpg;38;1276032;95817011;215;97093258;3190.080;239542.516;0.538;242733.141
placaas11293.jpg;38;1275951;95759410;207;97035568;3189.878;239398.516;0.517;242588.922
placaas11321.jpg;39;1281400;95688463;195;96970058;3203.500;239221.156;0.488;242425.125
placaas11331.jpg;39;1279628;95710731;205;96990564;3199.070;239276.828;0.512;242476.406
placaas11336.jpg;38;1279564;95669215;207;96948986;3198.910;239173.031;0.517;242372.469
placaas11338.jpg;38;1279393;95651386;209;96930988;3198.482;239128.469;0.522;242327.484
placaas11346.jpg;37;1277370;95716537;207;96994114;3193.425;239291.328;0.517;242485.281
placaas11359.jpg;38;1272498;95773731;195;97046424;3181.245;239434.312;0.488;242616.047
placaas11370.jpg;37;1282228;95665735;275;96948238;3205.570;239164.328;0.687;242370.609
placaas11380.jpg;38;1279362;95667273;229;96946864;3198.405;239168.187;0.572;242367.172
placaas11389.jpg;37;1279572;95682643;197;96962412;3198.930;239206.609;0.493;242406.047
placaas11397.jpg;39;1267681;95729320;233;96997234;3169.202;239323.297;0.582;242493.078
placaas11398.jpg;38;1277104;95697829;207;96975140;3192.760;239244.594;0.517;242437.844
placaas11409.jpg;38;1279350;95697743;195;96977288;3198.375;239244.359;0.488;242443.234
placaas11419.jpg;38;1267868;95717297;209;96985374;3169.670;239293.250;0.522;242463.437
placas1004.jpg;38;1272596;95680331;209;96953136;3181.490;239200.828;0.522;242382.828
placas1031.jpg;37;1271742;95953081;207;97225030;3179.355;239882.687;0.517;243062.578
placas1042.jpg;38;1274856;95724493;231;96999580;3187.140;239311.234;0.577;242498.953
placas1055.jpg;38;1278992;95506857;219;96786068;3197.480;238767.125;0.548;241965.156
placas1088.jpg;37;1273146;95743255;207;97016608;3182.865;239358.156;0.517;242541.516
placas1113.jpg;38;1280014;95535779;195;96815988;3200.035;238839.437;0.488;242039.969
placas1130.jpg;38;1278631;95637152;205;96915988;3196.577;239092.875;0.512;242289.969
placas1139.jpg;38;1274564;95917891;197;97192652;3186.410;239794.719;0.493;242981.625
placas1143.jpg;38;1258696;95859323;275;97118294;3146.740;239648.297;0.687;242795.734
placas1144.jpg;38;1274159;95790848;193;97065200;3185.398;239477.125;0.482;242663.016
placas1158.jpg;39;1275880;95744919;209;97021008;3189.700;239362.297;0.522;242552.516
placas1160.jpg;38;1267916;95671753;323;96939992;3169.790;239179.391;0.808;242349.984
placas1174.jpg;38;1281744;95683695;195;96965634;3204.360;239209.234;0.488;242414.078
placas1196.jpg;38;1275954;95885451;273;97161678;3189.885;239713.609;0.683;242904.203
placas1203.jpg;39;1272981;95775990;203;97049174;3182.452;239439.984;0.507;242622.937
placas1213.jpg;39;1282008;95844953;197;97127158;3205.020;239612.391;0.493;242817.906
placas1214.jpg;37;1227326;95889347;197;97116870;3068.315;239723.375;0.493;242792.172
placas1251.jpg;38;1278738;95817431;207;97096376;3196.845;239543.578;0.517;242740.937
placas1271.jpg;39;1279024;95942797;247;97222068;3197.560;239857.000;0.618;243055.156
placas1275.jpg;38;1282136;95769369;273;97051778;3205.340;239423.406;0.683;242629.437
placas1278.jpg;39;1280402;95508893;197;96789492;3201.005;238772.250;0.493;241973.719
placas1280.jpg;39;1260064;95793225;201;97053490;3150.160;239483.062;0.502;242633.719
placas1285.jpg;38;1278944;95822103;209;97101256;3197.360;239555.266;0.522;242753.141
placas1286.jpg;39;1280590;95505345;197;96786132;3201.475;238763.359;0.493;241965.328
placas1296.jpg;38;1273242;95827149;305;97100696;3183.105;239567.891;0.762;242751.734
placas1307.jpg;38;1276081;95831524;209;97107814;3190.202;239578.797;0.522;242769.547
placas1332.jpg;38;1280822;95829151;195;97110168;3202.055;239572.875;0.488;242775.422
placas1341.jpg;39;1284484;95778871;193;97063548;3211.210;239447.172;0.482;242658.875
placas1345.jpg;37;1233696;95920735;233;97154664;3084.240;239801.844;0.582;242886.656
placas1349.jpg;38;1234668;95794813;231;97029712;3086.670;239487.047;0.577;242574.281
placas1362.jpg;39;1280086;95626907;295;96907288;3200.215;239067.250;0.738;242268.219
placas1380.jpg;38;1270218;95908801;205;97179224;3175.545;239772.000;0.512;242948.062
placas1399.jpg;38;1276360;95878311;207;97154878;3190.900;239695.766;0.517;242887.203
placas1411.jpg;38;1280194;95888959;209;97169362;3200.485;239722.406;0.522;242923.391
placas1478.jpg;38;1279672;95675957;205;96955834;3199.180;239189.891;0.512;242389.578
placas1505.jpg;38;1263948;95898327;231;97162506;3159.870;239745.828;0.577;242906.266
placas1624.jpg;38;1240144;95963489;197;97203830;3100.360;239908.719;0.493;243009.578
placas1628.jpg;39;1255180;95816647;209;97072036;3137.950;239541.625;0.522;242680.078
placas1639.jpg;38;1270168;95882515;273;97152956;3175.420;239706.281;0.683;242882.391
placas1646.jpg;39;1279674;95590583;195;96870452;3199.185;238976.469;0.488;242176.109
placas1656.jpg;39;1279196;95566247;195;96845638;3197.990;238915.625;0.488;242114.094
placas1658.jpg;38;1278310;95872303;209;97150822;3195.775;239680.750;0.522;242877.062
placas1660.jpg;38;1270654;95976603;215;97247472;3176.635;239941.500;0.538;243118.672
placas1676.jpg;38;1274374;95764053;197;97038624;3185.935;239410.141;0.493;242596.547
placas1685.jpg;37;1292036;95785009;207;97077252;3230.090;239462.531;0.517;242693.125
placas1688.jpg;39;1278158;95846573;229;97124960;3195.395;239616.437;0.572;242812.391
placas1708.jpg;38;1279028;95741125;195;97020348;3197.570;239352.828;0.488;242550.875
placas1722.jpg;38;1267546;95696669;229;96964444;3168.865;239241.672;0.572;242411.125
placas1733.jpg;39;1277707;95794690;207;97072604;3194.268;239486.719;0.517;242681.531
Motospl10002.jpg;37;1271835;95830502;207;97102544;3179.587;239576.250;0.517;242756.359
Motospl10004.jpg;38;1273818;95773937;231;97047986;3184.545;239434.844;0.577;242619.953
Motospl10010.jpg;39;1278826;95770415;231;97049472;3197.065;239426.031;0.577;242623.687
Motospl10018.jpg;38;1280158;95677719;231;96958108;3200.395;239194.297;0.577;242395.281
Motospl10034.jpg;38;1277792;95690309;297;96968398;3194.480;239225.781;0.743;242421.000
Motospl10035.jpg;39;1279274;95713501;237;96993012;3198.185;239283.766;0.592;242482.531
Motospl10039.jpg;38;1291434;95711957;231;97003622;3228.585;239279.906;0.577;242509.062
Motospl10041.jpg;38;1275084;95745641;203;97020928;3187.710;239364.109;0.507;242552.328
Motospl10045.jpg;38;1278558;95663655;197;96942410;3196.395;239159.125;0.493;242356.031
Motospl10068.jpg;38;1277135;95666926;207;96944268;3192.838;239167.328;0.517;242360.687
Motospl10094.jpg;38;1278212;95637157;257;96915626;3195.530;239092.906;0.642;242289.062
Motospl10102.jpg;37;1279232;95728101;209;97007542;3198.080;239320.250;0.522;242518.859
Motospl10111.jpg;37;1278329;95782310;195;97060834;3195.823;239455.766;0.488;242652.078
Motospl10121.jpg;38;1280650;95760979;209;97041838;3201.625;239402.437;0.522;242604.609
Motospl10128.jpg;38;1276676;95618245;231;96895152;3191.690;239045.609;0.577;242237.875
Motospl10135.jpg;37;1280412;95726049;195;97006656;3201.030;239315.109;0.488;242516.656
Motospl10136.jpg;38;1277334;95729279;205;97006818;3193.335;239323.187;0.512;242517.047
Motospl10153.jpg;39;1278238;95851381;277;97129896;3195.595;239628.453;0.692;242824.734
Motospl10173.jpg;37;1271186;95791661;205;97063052;3177.965;239479.156;0.512;242657.641
Motospl10184.jpg;37;1278491;95735552;195;97014238;3196.228;239338.875;0.488;242535.609
Motospl10186.jpg;38;1279534;95686669;207;96966410;3198.835;239216.672;0.517;242416.031
Motospl10191.jpg;38;1276374;95672631;177;96949182;3190.935;239181.562;0.442;242372.953
Motospl10201.jpg;39;1264687;95843250;207;97108144;3161.718;239608.125;0.517;242770.359
Motospl10215.jpg;38;1270528;95836733;209;97107470;3176.320;239591.828;0.522;242768.687
Motospl10222.jpg;38;1267510;95820507;195;97088212;3168.775;239551.250;0.488;242720.516
Motospl10226.jpg;38;1279670;95671337;229;96951236;3199.175;239178.344;0.572;242378.062
Motospl10246.jpg;39;1276746;95714587;195;96991528;3191.865;239286.469;0.488;242478.812
Motospl10247.jpg;39;1277619;95667702;197;96945518;3194.047;239169.266;0.493;242363.812
Motospl10260.jpg;38;1275512;95606759;207;96882478;3188.780;239016.906;0.517;242206.203
Motospl10264.jpg;39;1279570;95672537;2611;96954718;3198.925;239181.344;6.528;242386.797
Motospl10281.jpg;38;1279984;95764179;257;97044420;3199.960;239410.437;0.642;242611.047
Motospl10286.jpg;38;1272062;95819589;197;97091848;3180.155;239548.969;0.493;242729.609
Motospl10296.jpg;38;1279652;95689615;207;96969474;3199.130;239224.031;0.517;242423.687
Motospl10308.jpg;38;1272514;95844207;201;97116922;3181.285;239610.516;0.502;242792.297
Motospl10315.jpg;39;1264967;95811484;209;97076660;3162.417;239528.719;0.522;242691.641
Motospl10325.jpg;38;1284316;95695819;253;96980388;3210.790;239239.531;0.632;242450.969
Motospl10343.jpg;37;1279039;95746439;231;97025709;3197.597;239366.094;0.577;242564.281
Motospl10344.jpg;37;1276874;95779953;203;97057030;3192.185;239449.875;0.507;242642.578
Motospl10352.jpg;38;1278506;95697639;207;96976352;3196.265;239244.109;0.517;242440.875
Motospl10354.jpg;38;1274602;95765189;195;97039986;3186.505;239412.984;0.488;242599.969
Motospl10355.jpg;38;1278354;95658863;195;96937412;3195.885;239147.156;0.488;242343.531
Motospl10358.jpg;38;1267984;95933701;197;97201882;3169.960;239834.266;0.493;243004.703
Motospl10362.jpg;38;1279138;95674617;215;96953970;3197.845;239186.547;0.538;242384.922
Motospl10363.jpg;39;1274840;95694053;207;96969100;3187.100;239235.125;0.517;242422.766
Motospl10372.jpg;39;1274134;95786733;323;97061190;3185.335;239466.844;0.808;242652.984
Motospl10380.jpg;38;1281687;95716018;209;96997914;3204.218;239290.031;0.522;242494.781
Motospl10388.jpg;38;1278471;95748094;195;97026760;3196.178;239370.234;0.488;242566.891
Motospl10389.jpg;36;1280268;95779073;193;97059534;3200.670;239447.672;0.482;242648.828
Motospl10396.jpg;37;1277474;95803859;209;97081542;3193.685;239509.641;0.522;242703.859
Motospl10397.jpg;38;1281456;95728505;195;97010156;3203.640;239321.266;0.488;242525.391
Motospl10406.jpg;38;1278936;95753839;207;97032982;3197.340;239384.594;0.517;242582.453
Motospl10411.jpg;39;1280678;95743857;201;97024736;3201.695;239359.641;0.502;242561.844
Motospl10415.jpg;38;1276330;95710523;205;96987058;3190.825;239276.297;0.512;242467.641
Motospl10419.jpg;38;1273456;95686175;205;96959836;3183.640;239215.437;0.512;242399.609
Motospl10424.jpg;38;1270335;95851408;205;97121948;3175.838;239628.516;0.512;242804.875
Motospl10427.jpg;38;1276883;95717604;207;96994694;3192.208;239294.000;0.517;242486.750
Motospl10430.jpg;38;1283164;95732137;197;97015498;3207.910;239330.344;0.493;242538.734
Motospl10437.jpg;38;1279988;95722387;215;97002590;3199.970;239305.953;0.538;242506.484
Motospl10442.jpg;37;1266314;95846459;207;97112980;3165.785;239616.141;0.517;242782.437
Motospl10456.jpg;38;1271662;95739259;203;97011124;3179.155;239348.141;0.507;242527.812
Motospl10470.jpg;39;1276197;95609130;195;96885522;3190.492;239022.812;0.488;242213.797
Motospl10472.jpg;38;1282118;95647908;229;96930255;3205.295;239119.766;0.572;242325.641
Motospl10476.jpg;38;1279502;95710931;195;96990628;3198.755;239277.328;0.488;242476.547
Motospl10477.jpg;38;1277646;95717855;207;96995708;3194.115;239294.641;0.517;242489.281
Motospl10481.jpg;38;1278430;95727241;207;97005878;3196.075;239318.094;0.517;242514.703
Motospl10485.jpg;38;1282411;95718164;205;97000780;3206.027;239295.406;0.512;242501.969
Motospl10489.jpg;38;1276444;95786363;207;97063014;3191.110;239465.906;0.517;242657.531
Motospl10490.jpg;39;1277010;95690947;207;96968164;3192.525;239227.344;0.517;242420.391
Motospl10492.jpg;38;1277940;95689227;195;96967362;3194.850;239223.047;0.488;242418.391
Motospl10504.jpg;38;1280525;95670482;207;96951214;3201.312;239176.203;0.517;242378.047
Motospl10516.jpg;38;1280460;95634661;195;96915316;3201.150;239086.656;0.488;242288.266
Motospl10521.jpg;39;1276747;95652615;195;96929557;3191.868;239131.531;0.488;242323.906
Motospl10533.jpg;39;1277482;95632693;195;96910370;3193.705;239081.750;0.488;242275.922
Motospl10548.jpg;38;1276224;95817849;209;97094282;3190.560;239544.625;0.522;242735.703
Motospl10555.jpg;38;1278384;95721865;209;97000458;3195.960;239304.656;0.522;242501.125
Motospl10556.jpg;38;1278480;95682525;209;96961214;3196.200;239206.312;0.522;242403.047
Motospl10558.jpg;38;1279924;95712277;231;96992432;3199.810;239280.703;0.577;242481.078
Motospl10560.jpg;38;1276489;95792294;193;97068976;3191.222;239480.750;0.482;242672.453
Motospl10563.jpg;38;1280754;95687393;229;96968376;3201.885;239218.484;0.572;242420.937
Motospl10570.jpg;38;1272558;95801289;273;97074120;3181.395;239503.203;0.683;242685.297
Motospl10574.jpg;38;1277181;95705006;207;96982394;3192.953;239262.516;0.517;242455.984
Motospl10576.jpg;38;1278541;95685912;209;96964662;3196.353;239214.781;0.522;242411.672
Motospl10579.jpg;41;1278520;95713399;207;96992126;3196.300;239283.484;0.517;242480.328
Motospl10586.jpg;39;1276658;95630799;197;96907654;3191.645;239077.000;0.493;242269.141
Motospl10588.jpg;38;1267095;95849630;209;97116934;3167.738;239624.094;0.522;242792.344
Motospl10589.jpg;37;1280124;95670289;209;96950622;3200.310;239175.719;0.522;242376.562
Motospl10590.jpg;38;1269068;95798395;207;97067670;3172.670;239495.969;0.517;242669.172
Motospl10595.jpg;38;1277624;95607629;207;96885460;3194.060;239019.078;0.517;242213.625
Motospl10596.jpg;39;1278732;95719297;207;96998236;3196.830;239298.234;0.517;242495.594
Motospl10598.jpg;39;1275350;95798457;207;97074014;3188.375;239496.141;0.517;242685.031
Motospl10601.jpg;38;1279312;95692851;195;96972358;3198.280;239232.109;0.488;242430.891
Motospl10615.jpg;39;1267176;95862081;179;97129436;3167.940;239655.187;0.447;242823.609
Motospl10635.jpg;37;1279750;95689327;195;96969272;3199.375;239223.328;0.488;242423.172
Motospl10638.jpg;38;1280554;95766213;207;97046974;3201.385;239415.547;0.517;242617.437
Motospl10651.jpg;38;1274452;95734625;231;97009308;3186.130;239336.562;0.577;242523.281
Motospl10669.jpg;38;1272178;95720421;307;96992906;3180.445;239301.062;0.767;242482.250
Motospl10674.jpg;39;1279976;95509307;195;96789478;3199.940;238773.250;0.488;241973.703
Motospl10678.jpg;38;1278168;95641009;229;96919406;3195.420;239102.531;0.572;242298.531
Motospl10695.jpg;38;1263534;95832387;209;97096130;3158.835;239580.953;0.522;242740.312
Motospl10696.jpg;38;1278684;95684353;195;96963232;3196.710;239210.891;0.488;242408.078
Motospl10700.jpg;38;1281374;95687995;193;96969562;3203.435;239219.984;0.482;242423.891
Motospl10702.jpg;38;1279664;95695815;195;96975674;3199.160;239239.531;0.488;242439.187
Motospl10704.jpg;38;1279072;95613791;197;96893060;3197.680;239034.469;0.493;242232.625
Motospl10706.jpg;38;1273887;95797090;215;97071192;3184.718;239492.719;0.538;242677.984
Motospl10708.jpg;38;1266348;95800721;193;97067262;3165.870;239501.812;0.482;242668.172
Motospl10711.jpg;39;1267090;95862671;209;97129970;3167.725;239656.672;0.522;242824.906
Motospl10712.jpg;39;1280295;95679772;205;96960272;3200.738;239199.437;0.512;242400.672
Motospl10730.jpg;38;1278784;95657239;275;96936298;3196.960;239143.109;0.687;242340.734
Motospl10733.jpg;38;1280848;95748293;209;97029350;3202.120;239370.734;0.522;242573.375
Motospl10738.jpg;38;1276818;95719163;197;96996178;3192.045;239297.906;0.493;242490.437
Motospl10774.jpg;38;1278046;95731339;231;97009616;3195.115;239328.344;0.577;242524.031
Motospl10780.jpg;38;1280848;95708515;209;96989572;3202.120;239271.281;0.522;242473.906
Motospl10786.jpg;38;1279944;95671865;205;96952014;3199.860;239179.656;0.512;242380.047
Motospl10789.jpg;38;1277744;95692391;195;96970330;3194.360;239230.984;0.488;242425.828
Motospl10791.jpg;39;1278106;95695041;203;96973350;3195.265;239237.609;0.507;242433.375
Motospl10792.jpg;38;1272087;95738898;209;97011194;3180.218;239347.250;0.522;242527.969
Motospl10798.jpg;38;1270138;95787949;219;97058306;3175.345;239469.891;0.548;242645.750
Motospl10826.jpg;38;1282963;95622616;273;96905852;3207.407;239056.531;0.683;242264.641
Motospl10834.jpg;38;1282122;95703519;201;96985842;3205.305;239258.812;0.502;242464.594
Motospl10835.jpg;38;1279192;95786099;197;97065488;3197.980;239465.234;0.493;242663.719
Motospl10856.jpg;39;1277990;95712931;213;96991134;3194.975;239282.312;0.533;242477.828
Motospl10870.jpg;38;1281528;95672307;207;96954042;3203.820;239180.750;0.517;242385.094
Motospl10871.jpg;37;1278948;95775003;207;97054158;3197.370;239437.500;0.517;242635.391
Motospl10875.jpg;38;1279134;95678901;217;96958252;3197.835;239197.250;0.543;242395.641
Motospl10876.jpg;38;1280512;95690617;323;96971452;3201.280;239226.531;0.808;242428.625
Motospl10888.jpg;38;1272442;95814459;207;97087108;3181.105;239536.141;0.517;242717.766
Motospl10896.jpg;38;1280374;95728423;203;97009000;3200.935;239321.047;0.507;242522.500
Motospl10901.jpg;38;1281116;95728955;207;97010278;3202.790;239322.375;0.517;242525.703
Motospl10903.jpg;38;1269180;95811337;209;97080726;3172.950;239528.328;0.522;242701.828
Motospl10908.jpg;39;1279490;95733037;197;97012724;3198.725;239332.609;0.493;242531.797
Motospl10918.jpg;38;1280496;95651845;207;96932548;3201.240;239129.625;0.517;242331.359
Motospl10921.jpg;38;1280249;95746888;245;97027382;3200.623;239367.203;0.613;242568.469
Motospl10924.jpg;39;1266239;95835076;209;97101524;3165.597;239587.687;0.522;242753.797
Motospl10932.jpg;38;1279920;95727047;207;97007174;3199.800;239317.609;0.517;242517.953
Motospl10934.jpg;38;1279630;95703975;195;96983800;3199.075;239259.937;0.488;242459.500
Motospl10938.jpg;39;1278308;95650907;231;96929446;3195.770;239127.250;0.577;242323.625
Motospl10950.jpg;38;1279935;95614538;209;96894682;3199.837;239036.344;0.522;242236.703
Motospl10956.jpg;37;1277868;95651589;203;96929660;3194.670;239128.969;0.507;242324.156
Motospl10968.jpg;39;1281030;95658291;207;96939528;3202.575;239145.734;0.517;242348.812
Motospl10980.jpg;38;1278460;95675349;205;96954014;3196.150;239188.391;0.512;242385.031
Motospl10992.jpg;38;1270297;95858690;207;97129194;3175.742;239646.719;0.517;242822.984
Motospl11003.jpg;38;1279442;95670481;209;96950132;3198.605;239176.203;0.522;242375.328
Motospl11010.jpg;38;1272936;95783601;201;97056738;3182.340;239459.000;0.502;242641.844
Motospl11013.jpg;38;1280071;95710788;205;96991064;3200.177;239276.969;0.512;242477.656
Motospl11020.jpg;38;1279397;95692524;207;96972128;3198.492;239231.312;0.517;242430.312
Motospl11024.jpg;38;1279246;95637139;205;96916590;3198.115;239092.844;0.512;242291.484
Motospl11034.jpg;38;1272617;95843884;207;97116708;3181.542;239609.719;0.517;242791.750
Motospl11048.jpg;38;1278822;95689155;195;96968172;3197.055;239222.891;0.488;242420.437
Motospl11049.jpg;39;1278018;95613699;207;96891924;3195.045;239034.250;0.517;242229.797
Motospl11051.jpg;39;1281521;95643634;215;96925370;3203.802;239109.078;0.538;242313.422
Motospl11057.jpg;38;1273554;95752961;209;97026724;3183.885;239382.391;0.522;242566.797
Motospl11060.jpg;37;1276638;95859295;207;97136140;3191.595;239648.250;0.517;242840.359
Motospl11069.jpg;39;1274916;95733465;197;97008578;3187.290;239333.656;0.493;242521.437
Motospl11095.jpg;38;1274891;95624792;207;96899890;3187.227;239061.984;0.517;242249.719
Motospl11111.jpg;38;1264542;95899345;195;97164082;3161.355;239748.359;0.488;242910.203
Motospl11113.jpg;39;1275032;95768479;217;97043728;3187.580;239421.187;0.543;242609.328
Motospl11133.jpg;38;1279542;95630081;207;96909830;3198.855;239075.203;0.517;242274.578
Motospl11135.jpg;38;1272284;95714687;207;96987178;3180.710;239286.719;0.517;242467.937
Motospl11137.jpg;37;1278502;95701195;207;96979904;3196.255;239252.984;0.517;242449.750
Motospl11138.jpg;37;1269840;95903049;211;97173100;3174.600;239757.609;0.527;242932.766
Motospl11160.jpg;38;1280784;95628989;205;96909978;3201.960;239072.469;0.512;242274.937
Motospl11163.jpg;37;1280372;95717013;197;96997582;3200.930;239292.531;0.493;242493.953
Motospl11173.jpg;38;1276448;95681823;277;96958548;3191.120;239204.547;0.692;242396.359
Motospl11174.jpg;38;1278640;95701853;321;96980814;3196.600;239254.641;0.803;242452.031
Motospl11179.jpg;38;1276929;95668944;197;96946070;3192.323;239172.359;0.493;242365.172
Motospl11180.jpg;38;1278072;95686297;207;96964576;3195.180;239215.734;0.517;242411.437
Motospl11191.jpg;37;1277660;95722887;205;97000752;3194.150;239307.203;0.512;242501.891
Motospl11201.jpg;37;1282302;95614361;205;96896868;3205.755;239035.906;0.512;242242.156
Motospl11207.jpg;37;1282472;95650473;209;96933154;3206.180;239126.187;0.522;242332.875
Motospl11224.jpg;39;1280416;95668113;209;96948738;3201.040;239170.281;0.522;242371.844
Motospl11225.jpg;38;1276917;95839810;197;97116924;3192.293;239599.516;0.493;242792.312
Motospl11227.jpg;38;1278710;95676539;195;96955444;3196.775;239191.344;0.488;242388.594
Motospl11238.jpg;38;1272779;95754906;205;97027890;3181.948;239387.266;0.512;242569.734
Motospl11240.jpg;38;1277466;95740231;197;97017894;3193.665;239350.578;0.493;242544.734
Motospl11252.jpg;37;1280768;95766069;197;97047034;3201.920;239415.172;0.493;242617.578
Motospl11260.jpg;39;1279727;95679520;207;96959454;3199.317;239198.812;0.517;242398.641
Motospl11261.jpg;38;1279172;95728639;207;97008018;3197.930;239321.594;0.517;242520.047
Motospl11267.jpg;38;1266696;95945771;231;97212698;3166.740;239864.422;0.577;243031.734
Motospl11271.jpg;38;1279646;95720209;207;97000062;3199.115;239300.516;0.517;242500.172
Motospl11277.jpg;39;1277928;95691433;197;96969558;3194.820;239228.594;0.493;242423.891
Motospl11278.jpg;39;1281072;95726663;207;97007942;3202.680;239316.672;0.517;242519.859
Motospl11282.jpg;37;1277904;95748515;245;97026664;3194.760;239371.281;0.613;242566.672
Motospl11293.jpg;38;1280160;95661625;211;96941996;3200.400;239154.062;0.527;242355.000
Motospl11294.jpg;38;1267552;95871493;229;97139274;3168.880;239678.734;0.572;242848.187
Motospl11321.jpg;37;1278864;95714083;207;96993154;3197.160;239285.187;0.517;242482.891
Motospl11326.jpg;39;1281480;95678595;207;96960282;3203.700;239196.484;0.517;242400.703
Motospl11327.jpg;38;1275690;95734553;193;97010436;3189.225;239336.375;0.482;242526.094
Motospl11332.jpg;38;1276348;95707199;207;96983754;3190.870;239268.000;0.517;242459.375
Motospl11351.jpg;38;1281084;95704809;209;96986102;3202.710;239262.016;0.522;242465.266
Motospl11364.jpg;38;1291158;95722105;197;97013460;3227.895;239305.266;0.493;242533.641
Motospl11367.jpg;38;1281118;95581269;1281;96863668;3202.795;238953.187;3.202;242159.172
Motospl11370.jpg;38;1276254;95703735;209;96980198;3190.635;239259.328;0.522;242450.500
Motospl11380.jpg;38;1278746;95760119;197;97039062;3196.865;239400.297;0.493;242597.656
Motospl11385.jpg;38;1279410;95734569;205;97014184;3198.525;239336.422;0.512;242535.469
Motospl11400.jpg;38;1273316;95757273;195;97030784;3183.290;239393.172;0.488;242576.969
Motospl11403.jpg;38;1278174;95670371;207;96948752;3195.435;239175.922;0.517;242371.891
Motospl11428.jpg;38;1279192;95621507;209;96900908;3197.980;239053.766;0.522;242252.281
Motospl11451.jpg;38;1278944;95779607;197;97058748;3197.360;239449.016;0.493;242646.875
Motospl11453.jpg;38;1278632;95728523;229;97007384;3196.580;239321.297;0.572;242518.453
Motospl11458.jpg;38;1279816;95704195;195;96984206;3199.540;239260.484;0.488;242460.531
Motospl11473.jpg;38;1278524;95701953;277;96980754;3196.310;239254.891;0.692;242451.891
Motospl11474.jpg;36;1278066;95609415;205;96887686;3195.165;239023.547;0.512;242219.203
Motospl11475.jpg;38;1279440;95578081;273;96857794;3198.600;238945.203;0.683;242144.484
Motospl11484.jpg;38;1278371;95704628;209;96983208;3195.927;239261.562;0.522;242458.016
Motospl11486.jpg;38;1276735;95770616;195;97047546;3191.837;239426.531;0.488;242618.859
Motospl11487.jpg;38;1278354;95666469;197;96945020;3195.885;239166.172;0.493;242362.547
Motospl11489.jpg;39;1278106;95668715;199;96947020;3195.265;239171.781;0.498;242367.562
Motospl11502.jpg;39;1279136;95801843;205;97081184;3197.840;239504.594;0.512;242702.953
Motospl11517.jpg;39;1266012;95826401;209;97092622;3165.030;239566.000;0.522;242731.562
Motospl11521.jpg;38;1273311;95792560;209;97066080;3183.278;239481.406;0.522;242665.187
Motospl11523.jpg;39;1275338;95736245;207;97011790;3188.345;239340.625;0.517;242529.484
Motospl11527.jpg;38;1279217;95595518;215;96874950;3198.042;238988.797;0.538;242187.375
Motospl11549.jpg;37;1278856;95744737;195;97023788;3197.140;239361.844;0.488;242559.469
Motospl11553.jpg;38;1279242;95711795;229;96991266;3198.105;239279.484;0.572;242478.172
Motospl11556.jpg;38;1279910;95712055;1237;96993202;3199.775;239280.141;3.092;242482.984
Motospl11562.jpg;38;1266137;95878984;195;97145316;3165.343;239697.469;0.488;242863.281
Motospl11575.jpg;38;1268932;95878351;207;97147490;3172.330;239695.875;0.517;242868.719
Motospl11583.jpg;37;1276209;95721768;207;96998184;3190.522;239304.422;0.517;242495.469
Motospl11586.jpg;38;1278102;95659687;257;96938046;3195.255;239149.203;0.642;242345.125
Motospl11590.jpg;38;1277897;95742194;195;97020286;3194.742;239355.484;0.488;242550.734
Motospl11599.jpg;38;1276981;95672310;231;96949522;3192.453;239180.766;0.577;242373.797
Motospl11622.jpg;39;1280659;95690934;193;96971786;3201.647;239227.328;0.482;242429.453
Motospl11624.jpg;38;1281912;95719377;229;97001518;3204.780;239298.437;0.572;242503.797
Motospl11626.jpg;38;1278848;95812677;197;97091722;3197.120;239531.703;0.493;242729.297
Motospl11627.jpg;37;1279732;95644537;209;96924478;3199.330;239111.344;0.522;242311.187
Motospl11636.jpg;37;1262859;95875094;273;97138226;3157.148;239687.734;0.683;242845.562
Motospl11647.jpg;38;1271625;95772098;193;97043916;3179.063;239430.250;0.482;242609.812
Motospl11648.jpg;38;1278544;95773073;2585;97054202;3196.360;239432.687;6.462;242635.500
Motospl11658.jpg;39;1279590;95748679;229;97028498;3198.975;239371.703;0.572;242571.234
Motospl11660.jpg;38;1271040;95768321;205;97039566;3177.600;239420.797;0.512;242598.922
Motospl11664.jpg;37;1279683;95700898;231;96980812;3199.207;239252.250;0.577;242452.031
Motospl11665.jpg;39;1268864;95947089;207;97216160;3172.160;239867.719;0.517;243040.391
Motospl11677.jpg;38;1282074;95665659;207;96947940;3205.185;239164.141;0.517;242369.844
Motospl11680.jpg;39;1274302;95765887;195;97040384;3185.755;239414.703;0.488;242600.953
Motospl11687.jpg;38;1273262;95805375;229;97078866;3183.155;239513.437;0.572;242697.156
Motospl11695.jpg;38;1269852;95811397;207;97081456;3174.630;239528.500;0.517;242703.625
Motospl11700.jpg;37;1279774;95813743;207;97093724;3199.435;239534.359;0.517;242734.312
Motospl11710.jpg;37;1280176;95769707;231;97050114;3200.440;239424.250;0.577;242625.281
Motospl11719.jpg;39;1279310;95703941;229;96983480;3198.275;239259.859;0.572;242458.703
Motospl11736.jpg;38;1273296;95795001;209;97068506;3183.240;239487.500;0.522;242671.250
Motospl11746.jpg;38;1279712;95740743;275;97020730;3199.280;239351.859;0.687;242551.812
Motospl11747.jpg;38;1280534;95747347;227;97028108;3201.335;239368.359;0.567;242570.281
Motospl11759.jpg;38;1281238;95679281;209;96960728;3203.095;239198.203;0.522;242401.812
Motospl11765.jpg;37;1275126;95743375;231;97018732;3187.815;239358.437;0.577;242546.844
Motospl11766.jpg;37;1280284;95739493;233;97020010;3200.710;239348.734;0.582;242550.016
Motospl11776.jpg;39;1278004;95638467;197;96916668;3195.010;239096.156;0.493;242291.687
Motospl11792.jpg;37;1278524;95639547;219;96918290;3196.310;239098.859;0.548;242295.719
Motospl11795.jpg;38;1267208;95904629;197;97172034;3168.020;239761.578;0.493;242930.078
Motospl11796.jpg;37;1290634;95729525;195;97020354;3226.585;239323.812;0.488;242550.875
Motospl11804.jpg;38;1279829;95586204;205;96866238;3199.572;238965.516;0.512;242165.609
Motospl11809.jpg;38;1273994;95733487;193;97007674;3184.985;239333.719;0.482;242519.187
Motospl11815.jpg;37;1280666;95733577;209;97014452;3201.665;239333.953;0.522;242536.109
Motospl11816.jpg;38;1277268;95741505;197;97018970;3193.170;239353.766;0.493;242547.422
Motospl11821.jpg;37;1278078;95687943;195;96966216;3195.195;239219.859;0.488;242415.547
Motospl11822.jpg;38;1278798;95694383;233;96973414;3196.995;239235.969;0.582;242433.547
Motospl11826.jpg;37;1279096;95614713;195;96894004;3197.740;239036.781;0.488;242235.000
Motospl11833.jpg;37;1279590;95680033;201;96959824;3198.975;239200.094;0.502;242399.562
Motospl11857.jpg;38;1279430;95725319;207;97004956;3198.575;239313.297;0.517;242512.391
Motospl11862.jpg;39;1270341;95781668;207;97052216;3175.853;239454.156;0.517;242630.547
Motospl11866.jpg;38;1269816;95901313;207;97171336;3174.540;239753.281;0.517;242928.344
Motospl11873.jpg;37;1266960;95889363;231;97156554;3167.400;239723.391;0.577;242891.391
Motospl11879.jpg;37;1277266;95726133;273;97003672;3193.165;239315.344;0.683;242509.187
Motospl11885.jpg;38;1277619;95852012;209;97129840;3194.047;239630.047;0.522;242824.594
Motospl11889.jpg;38;1274986;95757291;207;97032484;3187.465;239393.219;0.517;242581.203
Motospl11892.jpg;38;1279232;95614633;207;96894072;3198.080;239036.578;0.517;242235.172
Motospl11907.jpg;36;1276328;95720747;205;96997280;3190.820;239301.859;0.512;242493.203
Motospl11909.jpg;37;1279410;95756877;209;97036496;3198.525;239392.203;0.522;242591.250
Motospl11910.jpg;38;1278206;95691575;207;96969988;3195.515;239228.937;0.517;242424.969
Motospl11916.jpg;36;1274924;95736851;205;97011980;3187.310;239342.125;0.512;242529.969
Motospl11920.jpg;36;1278562;95739317;207;97018086;3196.405;239348.297;0.517;242545.219
Motospl11922.jpg;37;1278450;95707099;271;96985820;3196.125;239267.734;0.678;242464.562
Motospl11931.jpg;37;1279697;95711700;217;96991614;3199.242;239279.234;0.543;242479.047
Motospl11934.jpg;36;1279680;95737517;209;97017406;3199.200;239343.812;0.522;242543.516
Motospl11938.jpg;38;1279180;95740629;195;97020004;3197.950;239351.578;0.488;242550.000
Motospl11942.jpg;37;1279178;95687513;219;96966910;3197.945;239218.766;0.548;242417.281
Motospl11943.jpg;37;1269580;95757725;201;97027506;3173.950;239394.328;0.502;242568.766
Motospl11944.jpg;38;1280828;95729239;203;97010270;3202.070;239323.109;0.507;242525.687
Motospl11946.jpg;37;1274470;95751793;295;97026558;3186.175;239379.484;0.738;242566.391
Motospl11951.jpg;38;1279382;95736165;207;97015754;3198.455;239340.422;0.517;242539.375
Motospl11961.jpg;38;1264505;95853924;207;97118636;3161.263;239634.812;0.517;242796.594
Motospl11965.jpg;37;1273040;95768543;205;97041788;3182.600;239421.359;0.512;242604.484
Motospl12021.jpg;37;1278620;95686917;209;96965746;3196.550;239217.312;0.522;242414.344
Motospl12024.jpg;36;1274550;95813365;207;97088122;3186.375;239533.437;0.517;242720.297
Motospl12028.jpg;37;1291830;95739367;197;97031394;3229.575;239348.422;0.493;242578.469
Motospl12034.jpg;37;1279829;95756500;195;97036524;3199.572;239391.250;0.488;242591.328
Motospl12049.jpg;38;1281975;95619522;195;96901692;3204.938;239048.797;0.488;242254.234
Motospl12050.jpg;38;1268163;95752842;207;97021212;3170.407;239382.094;0.517;242553.031
Motospl12056.jpg;37;1279708;95725507;209;97005424;3199.270;239313.750;0.522;242513.562
Motospl12059.jpg;36;1279442;95782503;197;97062142;3198.605;239456.250;0.493;242655.359
Motospl12065.jpg;38;1281922;95756919;207;97039048;3204.805;239392.297;0.517;242597.625
Motospl12071.jpg;37;1278390;95695883;197;96974470;3195.975;239239.703;0.493;242436.187
Motospl12073.jpg;37;1279626;95655967;195;96935788;3199.065;239139.922;0.488;242339.484
Motospl12076.jpg;37;1281864;95726199;207;97008270;3204.660;239315.500;0.517;242520.672
Motospl12077.jpg;38;1278604;95706999;207;96985810;3196.510;239267.484;0.517;242464.516
Motospl12087.jpg;36;1275180;95711677;207;96987064;3187.950;239279.187;0.517;242467.656
Motospl12100.jpg;37;1278400;95733535;299;97012234;3196.000;239333.844;0.748;242530.578
Motospl12101.jpg;37;1280646;95635005;229;96915880;3201.615;239087.516;0.572;242289.703
Motospl12102.jpg;37;1279360;95579129;205;96858694;3198.400;238947.828;0.512;242146.734
Motospl12121.jpg;38;1281248;95580615;195;96862058;3203.120;238951.531;0.488;242155.141
Motospl12122.jpg;37;1279496;95654259;207;96933962;3198.740;239135.641;0.517;242334.906
Motospl12125.jpg;37;1278076;95762419;231;97040726;3195.190;239406.047;0.577;242601.812
Motospl12146.jpg;38;1275285;95751254;195;97026734;3188.212;239378.141;0.488;242566.828
Motospl12151.jpg;37;1279030;95664349;205;96943584;3197.575;239160.875;0.512;242358.969
Motospl12164.jpg;38;1279237;95683866;205;96963308;3198.093;239209.656;0.512;242408.297
Motospl12168.jpg;37;1281501;95737558;207;97019266;3203.753;239343.906;0.517;242548.172
Motospl12169.jpg;37;1271090;95736529;205;97007824;3177.725;239341.312;0.512;242519.562
Motospl12184.jpg;37;1279631;95765852;201;97045684;3199.078;239414.641;0.502;242614.203
Motospl12188.jpg;37;1274022;95780305;213;97054540;3185.055;239450.766;0.533;242636.359
Motospl12191.jpg;37;1277360;95792253;201;97069814;3193.400;239480.641;0.502;242674.547
Motospl12199.jpg;36;1279772;95703171;207;96983150;3199.430;239257.922;0.517;242457.891
Motospl12203.jpg;37;1281124;95678953;205;96960282;3202.810;239197.375;0.512;242400.703
Motospl12206.jpg;37;1272760;95737021;215;97009996;3181.900;239342.562;0.538;242525.000
Motospl12213.jpg;37;1279152;95731213;197;97010562;3197.880;239328.031;0.493;242526.406
Motospl12241.jpg;37;1282006;95666765;209;96948980;3205.015;239166.906;0.522;242372.453
Motospl12252.jpg;36;1281569;95685240;205;96967014;3203.923;239213.094;0.512;242417.531
Motospl12260.jpg;37;1279618;95724119;195;97003932;3199.045;239310.297;0.488;242509.828
Motospl12268.jpg;37;1264718;95922053;205;97186976;3161.795;239805.141;0.512;242967.437
Motospl12269.jpg;37;1278745;95674182;231;96953158;3196.863;239185.469;0.577;242382.891
Motospl12280.jpg;37;1275126;95701943;197;96977266;3187.815;239254.859;0.493;242443.172
Motospl12282.jpg;36;1279875;95707720;247;96987842;3199.688;239269.297;0.618;242469.609
Motospl12283.jpg;37;1281464;95628621;203;96910288;3203.660;239071.547;0.507;242275.734
Motospl12287.jpg;38;1277589;95686398;207;96964194;3193.973;239216.000;0.517;242410.469
Motospl12301.jpg;38;1277712;95614141;229;96892082;3194.280;239035.359;0.572;242230.203
Motospl12305.jpg;36;1281220;95592067;207;96873494;3203.050;238980.156;0.517;242183.750
Motospl12307.jpg;36;1279916;95677133;221;96957270;3199.790;239192.828;0.553;242393.187
Motospl12319.jpg;37;1276416;95792073;197;97068686;3191.040;239480.187;0.493;242671.719
Motospl12323.jpg;37;1290932;95729501;231;97020664;3227.330;239323.750;0.577;242551.656
Motospl12333.jpg;36;1275292;95695663;207;96971162;3188.230;239239.156;0.517;242427.891
Motospl12344.jpg;38;1276172;95717417;195;96993784;3190.430;239293.531;0.488;242484.453
Motospl12351.jpg;37;1266852;95906381;209;97173442;3167.130;239765.969;0.522;242933.609
Motospl12357.jpg;37;1279247;95703782;207;96983236;3198.117;239259.453;0.517;242458.078
Motospl12370.jpg;37;1277548;95901513;215;97179276;3193.870;239753.781;0.538;242948.203
Motospl12379.jpg;37;1278016;95832497;207;97110720;3195.040;239581.250;0.517;242776.797
Motospl12386.jpg;36;1280020;95706607;231;96986858;3200.050;239266.531;0.577;242467.141
Motospl12392.jpg;38;1277810;95696303;259;96974372;3194.525;239240.750;0.647;242435.937
Motospl12393.jpg;37;1281005;95727522;195;97008722;3202.513;239318.812;0.488;242521.812
Motospl12402.jpg;37;1281447;95720622;205;97002274;3203.618;239301.562;0.512;242505.687
Motospl12403.jpg;38;1269554;95809895;233;97079682;3173.885;239524.750;0.582;242699.203
Motospl12405.jpg;37;1273205;95740514;209;97013928;3183.012;239351.266;0.522;242534.812
Motospl12423.jpg;37;1278200;95685581;205;96963986;3195.500;239213.953;0.512;242409.969
Motospl12433.jpg;37;1270170;95745007;197;97015374;3175.425;239362.516;0.493;242538.437
Motospl12442.jpg;36;1279892;95861071;207;97141170;3199.730;239652.672;0.517;242852.922
Placa0.png;37;1278216;95734291;209;97012716;3195.540;239335.703;0.522;242531.797
Placa106.png;36;1281262;95819241;207;97100710;3203.155;239548.109;0.517;242751.781
Placa107.png;38;1278258;95809439;259;97087956;3195.645;239523.594;0.647;242719.891
Placa11.png;37;1278416;95701327;195;96979938;3196.040;239253.312;0.488;242449.828
Placa12.png;37;1278940;95747583;231;97026754;3197.350;239368.953;0.577;242566.875
Placa125.png;37;1291502;95706027;209;96997738;3228.755;239265.062;0.522;242494.328
Placa126.png;36;1278608;95793795;197;97072600;3196.520;239484.484;0.493;242681.500
Placa145.png;37;1281912;95764009;319;97046240;3204.780;239410.016;0.798;242615.594
Placa149.png;37;1276897;95722610;311;96999818;3192.242;239306.516;0.777;242499.531
Placa150.png;37;1280088;95861097;209;97141394;3200.220;239652.734;0.522;242853.469
Placa155.png;37;1280748;95802293;197;97083238;3201.870;239505.750;0.493;242708.094
Placa158.png;37;1292622;95868175;205;97161002;3231.555;239670.437;0.512;242902.500
Placa165.png;36;1280465;95795714;195;97076374;3201.163;239489.281;0.488;242690.937
Placa170.png;37;1280546;95618871;207;96899624;3201.365;239047.187;0.517;242249.047
Placa171.png;38;1276790;95746675;207;97023672;3191.975;239366.687;0.517;242559.187
Placa180.png;37;1279780;95852389;197;97132366;3199.450;239630.984;0.493;242830.922
Placa182.png;37;1277686;95677025;205;96954916;3194.215;239192.562;0.512;242387.281
Placa183.png;37;1278919;95710782;279;96989980;3197.298;239276.969;0.697;242474.953
Placa187.png;37;1279868;95838569;209;97118646;3199.670;239596.422;0.522;242796.625
Placa195.png;35;1281107;95761790;209;97043106;3202.768;239404.469;0.522;242607.750
Placa2.png;37;1278191;95760510;195;97038896;3195.477;239401.281;0.488;242597.250
Placa33.png;36;1278577;95644426;207;96923210;3196.442;239111.062;0.517;242308.031
Placa36.png;38;1279204;95699685;209;96979098;3198.010;239249.219;0.522;242447.734
Placa47.png;37;1277626;95732901;205;97010732;3194.065;239332.250;0.512;242526.844
Placa50.png;37;1277906;95755593;273;97033772;3194.765;239388.984;0.683;242584.422
Placa57.png;36;1277931;95877348;207;97155486;3194.828;239693.359;0.517;242888.719
Placa62.png;37;1281442;95648677;209;96930328;3203.605;239121.703;0.522;242325.828
Placa63.png;36;1279280;95674721;197;96954198;3198.200;239186.797;0.493;242385.500
Placa7.png;36;1277020;95876117;209;97153346;3192.550;239690.297;0.522;242883.359
Placa74.png;37;1278674;95731261;209;97010144;3196.685;239328.156;0.522;242525.359
Placa82.png;37;1279266;95757451;207;97036924;3198.165;239393.609;0.517;242592.312
Placas11081.jpg;37;1280336;95612001;207;96892544;3200.840;239030.016;0.517;242231.359
Placas11095.jpg;36;1281635;95733508;197;97015340;3204.087;239333.766;0.493;242538.359
Placas11140.jpg;37;1279859;95624508;197;96904564;3199.647;239061.281;0.493;242261.406
Placas11141.jpg;38;1279476;95724523;275;97004274;3198.690;239311.297;0.687;242510.672
Placas11289.jpg;36;1279831;95874938;195;97154964;3199.578;239687.344;0.488;242887.406
Placas11392.jpg;36;1276711;95721334;195;96998240;3191.778;239303.328;0.488;242495.594
Placas11440.jpg;36;1276620;95733027;303;97009950;3191.550;239332.562;0.757;242524.875
Placas11474.jpg;36;1276910;95696259;205;96973374;3192.275;239240.641;0.512;242433.437
Placas11485.jpg;37;1279762;95778619;207;97058588;3199.405;239446.547;0.517;242646.484
Placas11533.jpg;37;1291990;95659135;205;96951330;3229.975;239147.844;0.512;242378.328
Placas11563.jpg;36;1281965;95727860;205;97010030;3204.913;239319.641;0.512;242525.078
Placas11595.jpg;37;1281330;95677609;197;96959136;3203.325;239194.031;0.493;242397.844
Placasia1001.png;37;1279896;95620495;195;96900586;3199.740;239051.234;0.488;242251.469
Placasia1010.png;38;1279066;95868591;201;97147858;3197.665;239671.484;0.502;242869.641
Placasia1014.png;37;1281650;95677995;231;96959876;3204.125;239194.969;0.577;242399.672
Placasia1033.png;38;1282386;95709699;247;96992332;3205.965;239274.250;0.618;242480.828
Placasia1035.png;37;1279256;95744835;207;97024298;3198.140;239362.078;0.517;242560.734
Placasia1039.png;37;1280346;95718567;195;96999108;3200.865;239296.406;0.488;242497.750
Placasia1045.png;36;1279350;95845769;209;97125328;3198.375;239614.422;0.522;242813.312
Placasia1046.png;35;1281110;95657281;191;96938582;3202.775;239143.187;0.477;242346.469
Placasm10076.jpg;36;1272458;95769567;205;97042230;3181.145;239423.922;0.512;242605.594
Placasm10176.jpg;37;1279120;95800837;229;97080186;3197.800;239502.094;0.572;242700.469
Placasm10386.jpg;36;1272782;95742537;205;97015524;3181.955;239356.344;0.512;242538.797
Placasm10816.jpg;36;1273312;95880625;205;97154142;3183.280;239701.562;0.512;242885.344
Placasm10862.jpg;36;1275550;95699721;205;96975476;3188.875;239249.312;0.512;242438.672
Placasm10958.jpg;37;1274580;95821241;209;97096030;3186.450;239553.094;0.522;242740.078
Placasm11089.jpg;37;1274772;95726153;207;97001132;3186.930;239315.391;0.517;242502.844
Placasm11131.jpg;37;1273410;95850097;205;97123712;3183.525;239625.250;0.512;242809.281
Placass10191.jpg;37;1281916;95774387;197;97056500;3204.790;239435.953;0.493;242641.234
Placass10192.jpg;37;1279554;95792807;209;97072570;3198.885;239482.031;0.522;242681.422
Placass10227.jpg;37;1276506;95682131;307;96958944;3191.265;239205.328;0.767;242397.359
Placass10508.jpg;36;1273495;95667392;197;96941084;3183.738;239168.484;0.493;242352.719
Placass10512.jpg;36;1274510;95664235;229;96938974;3186.275;239160.578;0.572;242347.437
Placass10513.jpg;37;1279876;95668383;207;96948466;3199.690;239170.953;0.517;242371.172
Placass10933.jpg;37;1277519;95641236;193;96918948;3193.797;239103.078;0.482;242297.344
Placass10946.jpg;36;1274372;95801777;195;97076344;3185.930;239504.453;0.488;242690.859
Placass10966.jpg;37;1277568;95746213;203;97023984;3193.920;239365.531;0.507;242559.953
Placass11082.jpg;35;1279232;95759781;221;97039234;3198.080;239399.469;0.553;242598.078
Placass11083.jpg;36;1278140;95742129;231;97020500;3195.350;239355.312;0.577;242551.234
Placass11085.jpg;38;1275521;95688354;229;96964104;3188.802;239220.875;0.572;242410.266
Placass11209.jpg;37;1278018;95682413;195;96960626;3195.045;239206.047;0.488;242401.562
Placass11216.jpg;37;1277025;95698618;267;96975910;3192.563;239246.547;0.668;242439.781
Placass11232.jpg;37;1277036;95750133;207;97027376;3192.590;239375.344;0.517;242568.453
Placass11233.jpg;36;1281455;95669372;197;96951024;3203.638;239173.437;0.493;242377.562
Placass11338.jpg;37;1280200;95813991;227;97094418;3200.500;239534.984;0.567;242736.031
Placass11339.jpg;37;1277690;95906257;201;97184148;3194.225;239765.641;0.502;242960.359
Placass11346.jpg;36;1281362;95742569;197;97024128;3203.405;239356.437;0.493;242560.312
Placass11585.jpg;37;1271744;95763839;217;97035800;3179.360;239409.594;0.543;242589.500
plaacaas1036.jpg;37;1279364;95701743;207;96981314;3198.410;239254.359;0.517;242453.281
plaacaas1076.jpg;37;1281876;95634911;273;96917060;3204.690;239087.281;0.683;242292.625
plaacaas1078.jpg;37;1290610;95645297;197;96936104;3226.525;239113.250;0.493;242340.266
plaacaas1093.jpg;37;1279322;95766509;207;97046038;3198.305;239416.281;0.517;242615.094
plaacaas1119.jpg;36;1279494;95606791;195;96886480;3198.735;239016.984;0.488;242216.187
plaacaas1240.jpg;37;1280812;95746779;195;97027786;3202.030;239366.937;0.488;242569.453
plaacaas1253.jpg;36;1279514;95759737;209;97039460;3198.785;239399.344;0.522;242598.641
placaas10228.jpg;37;1275942;95643213;273;96919428;3189.855;239108.047;0.683;242298.562
placaas10295.jpg;37;1291688;95586703;205;96878596;3229.220;238966.766;0.512;242196.484
placaas10303.jpg;36;1278728;95664415;209;96943352;3196.820;239161.031;0.522;242358.375
placaas10304.jpg;36;1279058;95616475;209;96895742;3197.645;239041.187;0.522;242239.359
placaas10308.jpg;35;1279624;95739301;209;97019134;3199.060;239348.250;0.522;242547.828
placaas10331.jpg;37;1275598;95786289;209;97062096;3188.995;239465.719;0.522;242655.250
placaas10338.jpg;36;1276733;95725228;209;97002170;3191.833;239313.078;0.522;242505.437
placaas10340.jpg;37;1279473;95663248;209;96942930;3198.682;239158.125;0.522;242357.328
placaas10341.jpg;37;1276196;95691305;209;96967710;3190.490;239228.250;0.522;242419.281
placaas10345.jpg;37;1280662;95667273;207;96948142;3201.655;239168.187;0.517;242370.359
placaas10351.jpg;37;1271268;95741505;203;97012976;3178.170;239353.766;0.507;242532.437
placaas10361.jpg;37;1278830;95575731;209;96854770;3197.075;238939.328;0.522;242136.922
placaas10490.jpg;36;1274831;95688428;203;96963462;3187.078;239221.078;0.507;242408.672
placaas10728.jpg;36;1274308;95691375;207;96965890;3185.770;239228.437;0.517;242414.734
placaas10909.jpg;36;1271704;95760121;231;97032056;3179.260;239400.297;0.577;242580.125
placaas10931.jpg;37;1286712;95722397;197;97009306;3216.780;239306.000;0.493;242523.250
placaas10971.jpg;37;1280910;95604803;207;96885920;3202.275;239012.000;0.517;242214.812
placaas11039.jpg;36;1278412;95732249;207;97010868;3196.030;239330.609;0.517;242527.156
placas1058.jpg;36;1278600;95908493;195;97187288;3196.500;239771.250;0.488;242968.234
placas1070.jpg;37;1264328;95830217;205;97094750;3160.820;239575.547;0.512;242736.875
placas1071.jpg;37;1279628;95580639;207;96860474;3199.070;238951.594;0.517;242151.172
placas1231.jpg;37;1277866;95719703;247;96997816;3194.665;239299.266;0.618;242494.547
placas1266.jpg;37;1277106;95531875;197;96809178;3192.765;238829.687;0.493;242022.937
placas1268.jpg;37;1280222;95639185;197;96919604;3200.555;239097.953;0.493;242299.000
placas1293.jpg;37;1282130;95823503;211;97105844;3205.325;239558.766;0.527;242764.594
placas1301.jpg;37;1279030;95702949;209;96982188;3197.575;239257.375;0.522;242455.469
placas1425.jpg;37;1257530;95879207;195;97136932;3143.825;239698.016;0.488;242842.312
placas1487.jpg;37;1280120;95793007;307;97073434;3200.300;239482.516;0.767;242683.578
placas1492.jpg;36;1280270;95846293;215;97126778;3200.675;239615.750;0.538;242816.937
placas1494.jpg;37;1280056;95568225;215;96848496;3200.140;238920.562;0.538;242121.234
placas1496.jpg;37;1270574;95796875;205;97067654;3176.435;239492.172;0.512;242669.141
placas1500.jpg;36;1279286;95787065;213;97066564;3198.215;239467.656;0.533;242666.406
placas1536.jpg;37;1282138;95493381;197;96775716;3205.345;238733.453;0.493;241939.281
placas1568.jpg;37;1279016;95796833;219;97076068;3197.540;239492.078;0.548;242690.172
placas1591.jpg;36;1280152;95758569;205;97038926;3200.380;239396.422;0.512;242597.328
placas1592.jpg;37;1259556;95883985;213;97143754;3148.890;239709.969;0.533;242859.391
placas1594.jpg;35;1262816;95906927;195;97169938;3157.040;239767.328;0.488;242924.844
placas1595.jpg;36;1281176;95713807;207;96995190;3202.940;239284.516;0.517;242487.984
placas1596.jpg;36;1250972;95790761;257;97041990;3127.430;239476.891;0.642;242604.984
placas1614.jpg;36;1277698;95718063;197;96995958;3194.245;239295.156;0.493;242489.891
placas1714.jpg;36;1280792;95645727;207;96926726;3201.980;239114.312;0.517;242316.812
placas1728.jpg;37;1254640;95938531;239;97193410;3136.600;239846.328;0.598;242983.516
