Image;RelPath;TrueLabel;TrueClass;PredLabel;PredClass;Correct
Placas11004.jpg;Class1\Placas11004.jpg;0;Class1;0;Class1;1
Placas11017.jpg;Class1\Placas11017.jpg;0;Class1;0;Class1;1
Placas11023.jpg;Class1\Placas11023.jpg;0;Class1;0;Class1;1
Placas11024.jpg;Class1\Placas11024.jpg;0;Class1;0;Class1;1
Placas11050.jpg;Class1\Placas11050.jpg;0;Class1;0;Class1;1
Placas11063.jpg;Class1\Placas11063.jpg;0;Class1;0;Class1;1
Placas11068.jpg;Class1\Placas11068.jpg;0;Class1;0;Class1;1
Placas11077.jpg;Class1\Placas11077.jpg;0;Class1;0;Class1;1
Placas11079.jpg;Class1\Placas11079.jpg;0;Class1;0;Class1;1
Placas11096.jpg;Class1\Placas11096.jpg;0;Class1;0;Class1;1
Placas11117.jpg;Class1\Placas11117.jpg;0;Class1;0;Class1;1
Placas11148.jpg;Class1\Placas11148.jpg;0;Class1;0;Class1;1
Placas11161.jpg;Class1\Placas11161.jpg;0;Class1;0;Class1;1
Placas11190.jpg;Class1\Placas11190.jpg;0;Class1;0;Class1;1
Placas11191.jpg;Class1\Placas11191.jpg;0;Class1;0;Class1;1
Placas11199.jpg;Class1\Placas11199.jpg;0;Class1;0;Class1;1
Placas11221.jpg;Class1\Placas11221.jpg;0;Class1;0;Class1;1
Placas11235.jpg;Class1\Placas11235.jpg;0;Class1;0;Class1;1
Placas11240.jpg;Class1\Placas11240.jpg;0;Class1;0;Class1;1
Placas11241.jpg;Class1\Placas11241.jpg;0;Class1;0;Class1;1
Placas11265.jpg;Class1\Placas11265.jpg;0;Class1;0;Class1;1
Placas11298.jpg;Class1\Placas11298.jpg;0;Class1;0;Class1;1
Placas11299.jpg;Class1\Placas11299.jpg;0;Class1;1;Class2;0
Placas11318.jpg;Class1\Placas11318.jpg;0;Class1;0;Class1;1
Placas11330.jpg;Class1\Placas11330.jpg;0;Class1;0;Class1;1
Placas11334.jpg;Class1\Placas11334.jpg;0;Class1;0;Class1;1
Placas11346.jpg;Class1\Placas11346.jpg;0;Class1;0;Class1;1
Placas11359.jpg;Class1\Placas11359.jpg;0;Class1;0;Class1;1
Placas11377.jpg;Class1\Placas11377.jpg;0;Class1;0;Class1;1
Placas11379.jpg;Class1\Placas11379.jpg;0;Class1;0;Class1;1
Placas11381.jpg;Class1\Placas11381.jpg;0;Class1;0;Class1;1
Placas11401.jpg;Class1\Placas11401.jpg;0;Class1;0;Class1;1
Placas11415.jpg;Class1\Placas11415.jpg;0;Class1;0;Class1;1
Placas11418.jpg;Class1\Placas11418.jpg;0;Class1;0;Class1;1
Placas11420.jpg;Class1\Placas11420.jpg;0;Class1;0;Class1;1
Placas11426.jpg;Class1\Placas11426.jpg;0;Class1;0;Class1;1
Placas11428.jpg;Class1\Placas11428.jpg;0;Class1;0;Class1;1
Placas11431.jpg;Class1\Placas11431.jpg;0;Class1;0;Class1;1
Placas11432.jpg;Class1\Placas11432.jpg;0;Class1;0;Class1;1
Placas11449.jpg;Class1\Placas11449.jpg;0;Class1;0;Class1;1
Placas11451.jpg;Class1\Placas11451.jpg;0;Class1;0;Class1;1
Placas11475.jpg;Class1\Placas11475.jpg;0;Class1;0;Class1;1
Placas11477.jpg;Class1\Placas11477.jpg;0;Class1;0;Class1;1
Placas11493.jpg;Class1\Placas11493.jpg;0;Class1;0;Class1;1
Placas11502.jpg;Class1\Placas11502.jpg;0;Class1;0;Class1;1
Placas11504.jpg;Class1\Placas11504.jpg;0;Class1;0;Class1;1
Placas11507.jpg;Class1\Placas11507.jpg;0;Class1;0;Class1;1
Placas11508.jpg;Class1\Placas11508.jpg;0;Class1;0;Class1;1
Placas11510.jpg;Class1\Placas11510.jpg;0;Class1;0;Class1;1
Placas11513.jpg;Class1\Placas11513.jpg;0;Class1;0;Class1;1
Placas11524.jpg;Class1\Placas11524.jpg;0;Class1;0;Class1;1
Placas11528.jpg;Class1\Placas11528.jpg;0;Class1;0;Class1;1
Placas11538.jpg;Class1\Placas11538.jpg;0;Class1;0;Class1;1
Placas11544.jpg;Class1\Placas11544.jpg;0;Class1;0;Class1;1
Placas11555.jpg;Class1\Placas11555.jpg;0;Class1;0;Class1;1
Placas11580.jpg;Class1\Placas11580.jpg;0;Class1;0;Class1;1
Placas11586.jpg;Class1\Placas11586.jpg;0;Class1;0;Class1;1
Placas11589.jpg;Class1\Placas11589.jpg;0;Class1;0;Class1;1
Placas11601.jpg;Class1\Placas11601.jpg;0;Class1;0;Class1;1
Placasm10027.jpg;Class1\Placasm10027.jpg;0;Class1;0;Class1;1
Placasm10043.jpg;Class1\Placasm10043.jpg;0;Class1;0;Class1;1
Placasm10115.jpg;Class1\Placasm10115.jpg;0;Class1;0;Class1;1
Placasm10140.jpg;Class1\Placasm10140.jpg;0;Class1;0;Class1;1
Placasm10141.jpg;Class1\Placasm10141.jpg;0;Class1;0;Class1;1
Placasm10164.jpg;Class1\Placasm10164.jpg;0;Class1;0;Class1;1
Placasm10167.jpg;Class1\Placasm10167.jpg;0;Class1;0;Class1;1
Placasm10177.jpg;Class1\Placasm10177.jpg;0;Class1;0;Class1;1
Placasm10219.jpg;Class1\Placasm10219.jpg;0;Class1;0;Class1;1
Placasm10220.jpg;Class1\Placasm10220.jpg;0;Class1;0;Class1;1
Placasm10234.jpg;Class1\Placasm10234.jpg;0;Class1;0;Class1;1
Placasm10245.jpg;Class1\Placasm10245.jpg;0;Class1;0;Class1;1
Placasm10260.jpg;Class1\Placasm10260.jpg;0;Class1;0;Class1;1
Placasm10278.jpg;Class1\Placasm10278.jpg;0;Class1;0;Class1;1
Placasm10294.jpg;Class1\Placasm10294.jpg;0;Class1;0;Class1;1
Placasm10297.jpg;Class1\Placasm10297.jpg;0;Class1;0;Class1;1
Placasm10303.jpg;Class1\Placasm10303.jpg;0;Class1;0;Class1;1
Placasm10313.jpg;Class1\Placasm10313.jpg;0;Class1;0;Class1;1
Placasm10349.jpg;Class1\Placasm10349.jpg;0;Class1;0;Class1;1
Placasm10362.jpg;Class1\Placasm10362.jpg;0;Class1;0;Class1;1
Placasm10403.jpg;Class1\Placasm10403.jpg;0;Class1;0;Class1;1
Placasm10408.jpg;Class1\Placasm10408.jpg;0;Class1;0;Class1;1
Placasm10437.jpg;Class1\Placasm10437.jpg;0;Class1;0;Class1;1
Placasm10439.jpg;Class1\Placasm10439.jpg;0;Class1;0;Class1;1
Placasm10491.jpg;Class1\Placasm10491.jpg;0;Class1;0;Class1;1
Placasm10495.jpg;Class1\Placasm10495.jpg;0;Class1;0;Class1;1
Placasm10570.jpg;Class1\Placasm10570.jpg;0;Class1;0;Class1;1
Placasm10585.jpg;Class1\Placasm10585.jpg;0;Class1;0;Class1;1
Placasm10681.jpg;Class1\Placasm10681.jpg;0;Class1;0;Class1;1
Placasm10692.jpg;Class1\Placasm10692.jpg;0;Class1;0;Class1;1
Placasm10730.jpg;Class1\Placasm10730.jpg;0;Class1;0;Class1;1
Placasm10748.jpg;Class1\Placasm10748.jpg;0;Class1;0;Class1;1
Placasm10811.jpg;Class1\Placasm10811.jpg;0;Class1;0;Class1;1
Placasm10813.jpg;Class1\Placasm10813.jpg;0;Class1;0;Class1;1
Placasm10841.jpg;Class1\Placasm10841.jpg;0;Class1;0;Class1;1
Placasm10846.jpg;Class1\Placasm10846.jpg;0;Class1;0;Class1;1
Placasm10907.jpg;Class1\Placasm10907.jpg;0;Class1;0;Class1;1
Placasm11007.jpg;Class1\Placasm11007.jpg;0;Class1;0;Class1;1
Placasm11031.jpg;Class1\Placasm11031.jpg;0;Class1;0;Class1;1
Placasm11041.jpg;Class1\Placasm11041.jpg;0;Class1;0;Class1;1
Placasm11082.jpg;Class1\Placasm11082.jpg;0;Class1;0;Class1;1
Placasm11184.jpg;Class1\Placasm11184.jpg;0;Class1;0;Class1;1
Placasm11213.jpg;Class1\Placasm11213.jpg;0;Class1;0;Class1;1
Placass10023.jpg;Class1\Placass10023.jpg;0;Class1;0;Class1;1
Placass10031.jpg;Class1\Placass10031.jpg;0;Class1;0;Class1;1
Placass10033.jpg;Class1\Placass10033.jpg;0;Class1;0;Class1;1
Placass10036.jpg;Class1\Placass10036.jpg;0;Class1;0;Class1;1
Placass10047.jpg;Class1\Placass10047.jpg;0;Class1;0;Class1;1
Placass10049.jpg;Class1\Placass10049.jpg;0;Class1;0;Class1;1
Placass10050.jpg;Class1\Placass10050.jpg;0;Class1;0;Class1;1
Placass10061.jpg;Class1\Placass10061.jpg;0;Class1;0;Class1;1
Placass10064.jpg;Class1\Placass10064.jpg;0;Class1;0;Class1;1
Placass10072.jpg;Class1\Placass10072.jpg;0;Class1;0;Class1;1
Placass10077.jpg;Class1\Placass10077.jpg;0;Class1;0;Class1;1
Placass10078.jpg;Class1\Placass10078.jpg;0;Class1;0;Class1;1
Placass10081.jpg;Class1\Placass10081.jpg;0;Class1;0;Class1;1
Placass10088.jpg;Class1\Placass10088.jpg;0;Class1;0;Class1;1
Placass10090.jpg;Class1\Placass10090.jpg;0;Class1;0;Class1;1
Placass10096.jpg;Class1\Placass10096.jpg;0;Class1;0;Class1;1
Placass10124.jpg;Class1\Placass10124.jpg;0;Class1;0;Class1;1
Placass10157.jpg;Class1\Placass10157.jpg;0;Class1;0;Class1;1
Placass10164.jpg;Class1\Placass10164.jpg;0;Class1;0;Class1;1
Placass10175.jpg;Class1\Placass10175.jpg;0;Class1;0;Class1;1
Placass10210.jpg;Class1\Placass10210.jpg;0;Class1;0;Class1;1
Placass10220.jpg;Class1\Placass10220.jpg;0;Class1;0;Class1;1
Placass10249.jpg;Class1\Placass10249.jpg;0;Class1;0;Class1;1
Placass10251.jpg;Class1\Placass10251.jpg;0;Class1;0;Class1;1
Placass10259.jpg;Class1\Placass10259.jpg;0;Class1;0;Class1;1
Placass10263.jpg;Class1\Placass10263.jpg;0;Class1;0;Class1;1
Placass10301.jpg;Class1\Placass10301.jpg;0;Class1;0;Class1;1
Placass10312.jpg;Class1\Placass10312.jpg;0;Class1;0;Class1;1
Placass10328.jpg;Class1\Placass10328.jpg;0;Class1;0;Class1;1
Placass10331.jpg;Class1\Placass10331.jpg;0;Class1;0;Class1;1
Placass10372.jpg;Class1\Placass10372.jpg;0;Class1;0;Class1;1
Placass10376.jpg;Class1\Placass10376.jpg;0;Class1;0;Class1;1
Placass10378.jpg;Class1\Placass10378.jpg;0;Class1;0;Class1;1
Placass10381.jpg;Class1\Placass10381.jpg;0;Class1;0;Class1;1
Placass10384.jpg;Class1\Placass10384.jpg;0;Class1;0;Class1;1
Placass10389.jpg;Class1\Placass10389.jpg;0;Class1;0;Class1;1
Placass10395.jpg;Class1\Placass10395.jpg;0;Class1;0;Class1;1
Placass10397.jpg;Class1\Placass10397.jpg;0;Class1;0;Class1;1
Placass10400.jpg;Class1\Placass10400.jpg;0;Class1;0;Class1;1
Placass10405.jpg;Class1\Placass10405.jpg;0;Class1;0;Class1;1
Placass10417.jpg;Class1\Placass10417.jpg;0;Class1;0;Class1;1
Placass10422.jpg;Class1\Placass10422.jpg;0;Class1;0;Class1;1
Placass10429.jpg;Class1\Placass10429.jpg;0;Class1;0;Class1;1
Placass10431.jpg;Class1\Placass10431.jpg;0;Class1;1;Class2;0
Placass10435.jpg;Class1\Placass10435.jpg;0;Class1;0;Class1;1
Placass10453.jpg;Class1\Placass10453.jpg;0;Class1;0;Class1;1
Placass10461.jpg;Class1\Placass10461.jpg;0;Class1;0;Class1;1
Placass10475.jpg;Class1\Placass10475.jpg;0;Class1;0;Class1;1
Placass10480.jpg;Class1\Placass10480.jpg;0;Class1;1;Class2;0
Placass10483.jpg;Class1\Placass10483.jpg;0;Class1;0;Class1;1
Placass10491.jpg;Class1\Placass10491.jpg;0;Class1;0;Class1;1
Placass10511.jpg;Class1\Placass10511.jpg;0;Class1;0;Class1;1
Placass10515.jpg;Class1\Placass10515.jpg;0;Class1;0;Class1;1
Placass10528.jpg;Class1\Placass10528.jpg;0;Class1;0;Class1;1
Placass10534.jpg;Class1\Placass10534.jpg;0;Class1;0;Class1;1
Placass10535.jpg;Class1\Placass10535.jpg;0;Class1;0;Class1;1
Placass10543.jpg;Class1\Placass10543.jpg;0;Class1;0;Class1;1
Placass10550.jpg;Class1\Placass10550.jpg;0;Class1;0;Class1;1
Placass10553.jpg;Class1\Placass10553.jpg;0;Class1;0;Class1;1
Placass10559.jpg;Class1\Placass10559.jpg;0;Class1;0;Class1;1
Placass10573.jpg;Class1\Placass10573.jpg;0;Class1;0;Class1;1
Placass10579.jpg;Class1\Placass10579.jpg;0;Class1;0;Class1;1
Placass10582.jpg;Class1\Placass10582.jpg;0;Class1;0;Class1;1
Placass10583.jpg;Class1\Placass10583.jpg;0;Class1;0;Class1;1
Placass10590.jpg;Class1\Placass10590.jpg;0;Class1;0;Class1;1
Placass10595.jpg;Class1\Placass10595.jpg;0;Class1;0;Class1;1
Placass10602.jpg;Class1\Placass10602.jpg;0;Class1;0;Class1;1
Placass10603.jpg;Class1\Placass10603.jpg;0;Class1;0;Class1;1
Placass10605.jpg;Class1\Placass10605.jpg;0;Class1;0;Class1;1
Placass10610.jpg;Class1\Placass10610.jpg;0;Class1;0;Class1;1
Placass10613.jpg;Class1\Placass10613.jpg;0;Class1;0;Class1;1
Placass10624.jpg;Class1\Placass10624.jpg;0;Class1;0;Class1;1
Placass10626.jpg;Class1\Placass10626.jpg;0;Class1;0;Class1;1
Placass10679.jpg;Class1\Placass10679.jpg;0;Class1;0;Class1;1
Placass10684.jpg;Class1\Placass10684.jpg;0;Class1;0;Class1;1
Placass10689.jpg;Class1\Placass10689.jpg;0;Class1;0;Class1;1
Placass10693.jpg;Class1\Placass10693.jpg;0;Class1;0;Class1;1
Placass10697.jpg;Class1\Placass10697.jpg;0;Class1;0;Class1;1
Placass10699.jpg;Class1\Placass10699.jpg;0;Class1;0;Class1;1
Placass10700.jpg;Class1\Placass10700.jpg;0;Class1;0;Class1;1
Placass10701.jpg;Class1\Placass10701.jpg;0;Class1;0;Class1;1
Placass10702.jpg;Class1\Placass10702.jpg;0;Class1;0;Class1;1
Placass10703.jpg;Class1\Placass10703.jpg;0;Class1;0;Class1;1
Placass10712.jpg;Class1\Placass10712.jpg;0;Class1;0;Class1;1
Placass10713.jpg;Class1\Placass10713.jpg;0;Class1;0;Class1;1
Placass10718.jpg;Class1\Placass10718.jpg;0;Class1;0;Class1;1
Placass10728.jpg;Class1\Placass10728.jpg;0;Class1;0;Class1;1
Placass10741.jpg;Class1\Placass10741.jpg;0;Class1;0;Class1;1
Placass10754.jpg;Class1\Placass10754.jpg;0;Class1;0;Class1;1
Placass10767.jpg;Class1\Placass10767.jpg;0;Class1;0;Class1;1
Placass10777.jpg;Class1\Placass10777.jpg;0;Class1;0;Class1;1
Placass10778.jpg;Class1\Placass10778.jpg;0;Class1;0;Class1;1
Placass10780.jpg;Class1\Placass10780.jpg;0;Class1;0;Class1;1
Placass10804.jpg;Class1\Placass10804.jpg;0;Class1;0;Class1;1
Placass10823.jpg;Class1\Placass10823.jpg;0;Class1;0;Class1;1
Placass10824.jpg;Class1\Placass10824.jpg;0;Class1;0;Class1;1
Placass10855.jpg;Class1\Placass10855.jpg;0;Class1;0;Class1;1
Placass10883.jpg;Class1\Placass10883.jpg;0;Class1;0;Class1;1
Placass10885.jpg;Class1\Placass10885.jpg;0;Class1;0;Class1;1
Placass10905.jpg;Class1\Placass10905.jpg;0;Class1;0;Class1;1
Placass10915.jpg;Class1\Placass10915.jpg;0;Class1;0;Class1;1
Placass10920.jpg;Class1\Placass10920.jpg;0;Class1;0;Class1;1
Placass10930.jpg;Class1\Placass10930.jpg;0;Class1;0;Class1;1
Placass10958.jpg;Class1\Placass10958.jpg;0;Class1;0;Class1;1
Placass10992.jpg;Class1\Placass10992.jpg;0;Class1;0;Class1;1
Placass10995.jpg;Class1\Placass10995.jpg;0;Class1;0;Class1;1
Placass11010.jpg;Class1\Placass11010.jpg;0;Class1;0;Class1;1
Placass11021.jpg;Class1\Placass11021.jpg;0;Class1;0;Class1;1
Placass11023.jpg;Class1\Placass11023.jpg;0;Class1;1;Class2;0
Placass11026.jpg;Class1\Placass11026.jpg;0;Class1;0;Class1;1
Placass11030.jpg;Class1\Placass11030.jpg;0;Class1;0;Class1;1
Placass11035.jpg;Class1\Placass11035.jpg;0;Class1;0;Class1;1
Placass11080.jpg;Class1\Placass11080.jpg;0;Class1;0;Class1;1
Placass11081.jpg;Class1\Placass11081.jpg;0;Class1;0;Class1;1
Placass11128.jpg;Class1\Placass11128.jpg;0;Class1;0;Class1;1
Placass11142.jpg;Class1\Placass11142.jpg;0;Class1;0;Class1;1
Placass11151.jpg;Class1\Placass11151.jpg;0;Class1;0;Class1;1
Placass11171.jpg;Class1\Placass11171.jpg;0;Class1;0;Class1;1
Placass11178.jpg;Class1\Placass11178.jpg;0;Class1;0;Class1;1
Placass11184.jpg;Class1\Placass11184.jpg;0;Class1;0;Class1;1
Placass11191.jpg;Class1\Placass11191.jpg;0;Class1;0;Class1;1
Placass11211.jpg;Class1\Placass11211.jpg;0;Class1;0;Class1;1
Placass11222.jpg;Class1\Placass11222.jpg;0;Class1;0;Class1;1
Placass11250.jpg;Class1\Placass11250.jpg;0;Class1;0;Class1;1
Placass11275.jpg;Class1\Placass11275.jpg;0;Class1;0;Class1;1
Placass11280.jpg;Class1\Placass11280.jpg;0;Class1;0;Class1;1
Placass11285.jpg;Class1\Placass11285.jpg;0;Class1;0;Class1;1
Placass11300.jpg;Class1\Placass11300.jpg;0;Class1;0;Class1;1
Placass11305.jpg;Class1\Placass11305.jpg;0;Class1;0;Class1;1
Placass11324.jpg;Class1\Placass11324.jpg;0;Class1;1;Class2;0
Placass11326.jpg;Class1\Placass11326.jpg;0;Class1;0;Class1;1
Placass11331.jpg;Class1\Placass11331.jpg;0;Class1;0;Class1;1
Placass11357.jpg;Class1\Placass11357.jpg;0;Class1;0;Class1;1
Placass11358.jpg;Class1\Placass11358.jpg;0;Class1;0;Class1;1
Placass11382.jpg;Class1\Placass11382.jpg;0;Class1;0;Class1;1
Placass11383.jpg;Class1\Placass11383.jpg;0;Class1;0;Class1;1
Placass11387.jpg;Class1\Placass11387.jpg;0;Class1;0;Class1;1
Placass11404.jpg;Class1\Placass11404.jpg;0;Class1;1;Class2;0
Placass11409.jpg;Class1\Placass11409.jpg;0;Class1;0;Class1;1
Placass11434.jpg;Class1\Placass11434.jpg;0;Class1;0;Class1;1
Placass11438.jpg;Class1\Placass11438.jpg;0;Class1;0;Class1;1
Placass11441.jpg;Class1\Placass11441.jpg;0;Class1;0;Class1;1
Placass11444.jpg;Class1\Placass11444.jpg;0;Class1;0;Class1;1
Placass11455.jpg;Class1\Placass11455.jpg;0;Class1;0;Class1;1
Placass11471.jpg;Class1\Placass11471.jpg;0;Class1;0;Class1;1
Placass11511.jpg;Class1\Placass11511.jpg;0;Class1;0;Class1;1
Placass11545.jpg;Class1\Placass11545.jpg;0;Class1;0;Class1;1
Placass11546.jpg;Class1\Placass11546.jpg;0;Class1;1;Class2;0
Placass11568.jpg;Class1\Placass11568.jpg;0;Class1;0;Class1;1
Placass11569.jpg;Class1\Placass11569.jpg;0;Class1;0;Class1;1
Placass11578.jpg;Class1\Placass11578.jpg;0;Class1;0;Class1;1
Placass11579.jpg;Class1\Placass11579.jpg;0;Class1;0;Class1;1
Placass11594.jpg;Class1\Placass11594.jpg;0;Class1;0;Class1;1
Placass11599.jpg;Class1\Placass11599.jpg;0;Class1;0;Class1;1
Placass11617.jpg;Class1\Placass11617.jpg;0;Class1;0;Class1;1
Placass11623.jpg;Class1\Placass11623.jpg;0;Class1;0;Class1;1
Placass11653.jpg;Class1\Placass11653.jpg;0;Class1;0;Class1;1
Placass11656.jpg;Class1\Placass11656.jpg;0;Class1;0;Class1;1
Placass11659.jpg;Class1\Placass11659.jpg;0;Class1;0;Class1;1
Placass11706.jpg;Class1\Placass11706.jpg;0;Class1;0;Class1;1
Placass11707.jpg;Class1\Placass11707.jpg;0;Class1;0;Class1;1
plaacaas1008.jpg;Class1\plaacaas1008.jpg;0;Class1;1;Class2;0
plaacaas1009.jpg;Class1\plaacaas1009.jpg;0;Class1;0;Class1;1
plaacaas1011.jpg;Class1\plaacaas1011.jpg;0;Class1;0;Class1;1
plaacaas1012.jpg;Class1\plaacaas1012.jpg;0;Class1;0;Class1;1
plaacaas1013.jpg;Class1\plaacaas1013.jpg;0;Class1;0;Class1;1
plaacaas1014.jpg;Class1\plaacaas1014.jpg;0;Class1;0;Class1;1
plaacaas1033.jpg;Class1\plaacaas1033.jpg;0;Class1;0;Class1;1
plaacaas1038.jpg;Class1\plaacaas1038.jpg;0;Class1;0;Class1;1
plaacaas1046.jpg;Class1\plaacaas1046.jpg;0;Class1;0;Class1;1
plaacaas1054.jpg;Class1\plaacaas1054.jpg;0;Class1;0;Class1;1
plaacaas1075.jpg;Class1\plaacaas1075.jpg;0;Class1;0;Class1;1
plaacaas1100.jpg;Class1\plaacaas1100.jpg;0;Class1;0;Class1;1
plaacaas1121.jpg;Class1\plaacaas1121.jpg;0;Class1;0;Class1;1
plaacaas1132.jpg;Class1\plaacaas1132.jpg;0;Class1;0;Class1;1
plaacaas1160.jpg;Class1\plaacaas1160.jpg;0;Class1;0;Class1;1
plaacaas1162.jpg;Class1\plaacaas1162.jpg;0;Class1;0;Class1;1
plaacaas1179.jpg;Class1\plaacaas1179.jpg;0;Class1;0;Class1;1
plaacaas1190.jpg;Class1\plaacaas1190.jpg;0;Class1;0;Class1;1
plaacaas1191.jpg;Class1\plaacaas1191.jpg;0;Class1;0;Class1;1
plaacaas1199.jpg;Class1\plaacaas1199.jpg;0;Class1;0;Class1;1
plaacaas1211.jpg;Class1\plaacaas1211.jpg;0;Class1;0;Class1;1
plaacaas1217.jpg;Class1\plaacaas1217.jpg;0;Class1;0;Class1;1
plaacaas1220.jpg;Class1\plaacaas1220.jpg;0;Class1;0;Class1;1
plaacaas1222.jpg;Class1\plaacaas1222.jpg;0;Class1;1;Class2;0
plaacaas1236(1).jpg;Class1\plaacaas1236(1).jpg;0;Class1;0;Class1;1
plaacaas1237(1).jpg;Class1\plaacaas1237(1).jpg;0;Class1;0;Class1;1
plaacaas1252.jpg;Class1\plaacaas1252.jpg;0;Class1;0;Class1;1
plaacaas1260.jpg;Class1\plaacaas1260.jpg;0;Class1;0;Class1;1
plaacaas1293.jpg;Class1\plaacaas1293.jpg;0;Class1;0;Class1;1
plaacaas1294.jpg;Class1\plaacaas1294.jpg;0;Class1;0;Class1;1
plaacaas1310.jpg;Class1\plaacaas1310.jpg;0;Class1;0;Class1;1
placaas10002.jpg;Class1\placaas10002.jpg;0;Class1;0;Class1;1
placaas10035.jpg;Class1\placaas10035.jpg;0;Class1;0;Class1;1
placaas10060.jpg;Class1\placaas10060.jpg;0;Class1;0;Class1;1
placaas10061.jpg;Class1\placaas10061.jpg;0;Class1;0;Class1;1
placaas10062.jpg;Class1\placaas10062.jpg;0;Class1;0;Class1;1
placaas10065.jpg;Class1\placaas10065.jpg;0;Class1;0;Class1;1
placaas10075.jpg;Class1\placaas10075.jpg;0;Class1;0;Class1;1
placaas10116.jpg;Class1\placaas10116.jpg;0;Class1;0;Class1;1
placaas10158.jpg;Class1\placaas10158.jpg;0;Class1;0;Class1;1
placaas10167.jpg;Class1\placaas10167.jpg;0;Class1;0;Class1;1
placaas10181.jpg;Class1\placaas10181.jpg;0;Class1;0;Class1;1
placaas10195.jpg;Class1\placaas10195.jpg;0;Class1;0;Class1;1
placaas10196.jpg;Class1\placaas10196.jpg;0;Class1;0;Class1;1
placaas10198.jpg;Class1\placaas10198.jpg;0;Class1;0;Class1;1
placaas10211.jpg;Class1\placaas10211.jpg;0;Class1;0;Class1;1
placaas10212.jpg;Class1\placaas10212.jpg;0;Class1;0;Class1;1
placaas10225.jpg;Class1\placaas10225.jpg;0;Class1;0;Class1;1
placaas10258.jpg;Class1\placaas10258.jpg;0;Class1;0;Class1;1
placaas10293.jpg;Class1\placaas10293.jpg;0;Class1;0;Class1;1
placaas10358.jpg;Class1\placaas10358.jpg;0;Class1;0;Class1;1
placaas10393.jpg;Class1\placaas10393.jpg;0;Class1;0;Class1;1
placaas10400.jpg;Class1\placaas10400.jpg;0;Class1;0;Class1;1
placaas10402.jpg;Class1\placaas10402.jpg;0;Class1;0;Class1;1
placaas10413.jpg;Class1\placaas10413.jpg;0;Class1;0;Class1;1
placaas10416.jpg;Class1\placaas10416.jpg;0;Class1;0;Class1;1
placaas10428.jpg;Class1\placaas10428.jpg;0;Class1;0;Class1;1
placaas10437.jpg;Class1\placaas10437.jpg;0;Class1;0;Class1;1
placaas10447.jpg;Class1\placaas10447.jpg;0;Class1;0;Class1;1
placaas10452.jpg;Class1\placaas10452.jpg;0;Class1;0;Class1;1
placaas10456.jpg;Class1\placaas10456.jpg;0;Class1;0;Class1;1
placaas10461.jpg;Class1\placaas10461.jpg;0;Class1;0;Class1;1
placaas10462.jpg;Class1\placaas10462.jpg;0;Class1;0;Class1;1
placaas10464.jpg;Class1\placaas10464.jpg;0;Class1;0;Class1;1
placaas10474.jpg;Class1\placaas10474.jpg;0;Class1;0;Class1;1
placaas10485.jpg;Class1\placaas10485.jpg;0;Class1;0;Class1;1
placaas10493.jpg;Class1\placaas10493.jpg;0;Class1;0;Class1;1
placaas10508.jpg;Class1\placaas10508.jpg;0;Class1;0;Class1;1
placaas10509.jpg;Class1\placaas10509.jpg;0;Class1;0;Class1;1
placaas10510.jpg;Class1\placaas10510.jpg;0;Class1;0;Class1;1
placaas10532.jpg;Class1\placaas10532.jpg;0;Class1;0;Class1;1
placaas10536.jpg;Class1\placaas10536.jpg;0;Class1;0;Class1;1
placaas10545.jpg;Class1\placaas10545.jpg;0;Class1;0;Class1;1
placaas10551.jpg;Class1\placaas10551.jpg;0;Class1;0;Class1;1
placaas10555.jpg;Class1\placaas10555.jpg;0;Class1;0;Class1;1
placaas10565.jpg;Class1\placaas10565.jpg;0;Class1;1;Class2;0
placaas10568.jpg;Class1\placaas10568.jpg;0;Class1;0;Class1;1
placaas10571.jpg;Class1\placaas10571.jpg;0;Class1;0;Class1;1
placaas10581.jpg;Class1\placaas10581.jpg;0;Class1;0;Class1;1
placaas10588.jpg;Class1\placaas10588.jpg;0;Class1;0;Class1;1
placaas10612.jpg;Class1\placaas10612.jpg;0;Class1;1;Class2;0
placaas10618.jpg;Class1\placaas10618.jpg;0;Class1;0;Class1;1
placaas10619.jpg;Class1\placaas10619.jpg;0;Class1;0;Class1;1
placaas10620.jpg;Class1\placaas10620.jpg;0;Class1;0;Class1;1
placaas10633.jpg;Class1\placaas10633.jpg;0;Class1;0;Class1;1
placaas10647.jpg;Class1\placaas10647.jpg;0;Class1;0;Class1;1
placaas10666.jpg;Class1\placaas10666.jpg;0;Class1;0;Class1;1
placaas10679.jpg;Class1\placaas10679.jpg;0;Class1;0;Class1;1
placaas10686.jpg;Class1\placaas10686.jpg;0;Class1;1;Class2;0
placaas10713.jpg;Class1\placaas10713.jpg;0;Class1;0;Class1;1
placaas10720.jpg;Class1\placaas10720.jpg;0;Class1;0;Class1;1
placaas10731.jpg;Class1\placaas10731.jpg;0;Class1;0;Class1;1
placaas10733.jpg;Class1\placaas10733.jpg;0;Class1;0;Class1;1
placaas10748.jpg;Class1\placaas10748.jpg;0;Class1;0;Class1;1
placaas10758.jpg;Class1\placaas10758.jpg;0;Class1;0;Class1;1
placaas10761.jpg;Class1\placaas10761.jpg;0;Class1;0;Class1;1
placaas10764.jpg;Class1\placaas10764.jpg;0;Class1;0;Class1;1
placaas10784.jpg;Class1\placaas10784.jpg;0;Class1;0;Class1;1
placaas10786.jpg;Class1\placaas10786.jpg;0;Class1;0;Class1;1
placaas10790.jpg;Class1\placaas10790.jpg;0;Class1;0;Class1;1
placaas10797.jpg;Class1\placaas10797.jpg;0;Class1;0;Class1;1
placaas10822.jpg;Class1\placaas10822.jpg;0;Class1;0;Class1;1
placaas10826.jpg;Class1\placaas10826.jpg;0;Class1;0;Class1;1
placaas10834.jpg;Class1\placaas10834.jpg;0;Class1;0;Class1;1
placaas10837.jpg;Class1\placaas10837.jpg;0;Class1;0;Class1;1
placaas10853.jpg;Class1\placaas10853.jpg;0;Class1;1;Class2;0
placaas10868.jpg;Class1\placaas10868.jpg;0;Class1;0;Class1;1
placaas10881.jpg;Class1\placaas10881.jpg;0;Class1;0;Class1;1
placaas10889.jpg;Class1\placaas10889.jpg;0;Class1;0;Class1;1
placaas10908.jpg;Class1\placaas10908.jpg;0;Class1;0;Class1;1
placaas10926.jpg;Class1\placaas10926.jpg;0;Class1;0;Class1;1
placaas10928.jpg;Class1\placaas10928.jpg;0;Class1;0;Class1;1
placaas10944.jpg;Class1\placaas10944.jpg;0;Class1;0;Class1;1
placaas10996.jpg;Class1\placaas10996.jpg;0;Class1;0;Class1;1
placaas10999.jpg;Class1\placaas10999.jpg;0;Class1;0;Class1;1
placaas11009.jpg;Class1\placaas11009.jpg;0;Class1;0;Class1;1
placaas11011.jpg;Class1\placaas11011.jpg;0;Class1;0;Class1;1
placaas11036.jpg;Class1\placaas11036.jpg;0;Class1;0;Class1;1
placaas11060.jpg;Class1\placaas11060.jpg;0;Class1;0;Class1;1
placaas11066.jpg;Class1\placaas11066.jpg;0;Class1;0;Class1;1
placaas11091.jpg;Class1\placaas11091.jpg;0;Class1;0;Class1;1
placaas11113.jpg;Class1\placaas11113.jpg;0;Class1;0;Class1;1
placaas11114.jpg;Class1\placaas11114.jpg;0;Class1;0;Class1;1
placaas11116.jpg;Class1\placaas11116.jpg;0;Class1;0;Class1;1
placaas11119.jpg;Class1\placaas11119.jpg;0;Class1;0;Class1;1
placaas11132.jpg;Class1\placaas11132.jpg;0;Class1;0;Class1;1
placaas11145.jpg;Class1\placaas11145.jpg;0;Class1;0;Class1;1
placaas11150.jpg;Class1\placaas11150.jpg;0;Class1;0;Class1;1
placaas11152.jpg;Class1\placaas11152.jpg;0;Class1;0;Class1;1
placaas11157.jpg;Class1\placaas11157.jpg;0;Class1;0;Class1;1
placaas11170.jpg;Class1\placaas11170.jpg;0;Class1;0;Class1;1
placaas11184.jpg;Class1\placaas11184.jpg;0;Class1;0;Class1;1
placaas11188.jpg;Class1\placaas11188.jpg;0;Class1;0;Class1;1
placaas11198.jpg;Class1\placaas11198.jpg;0;Class1;0;Class1;1
placaas11211.jpg;Class1\placaas11211.jpg;0;Class1;0;Class1;1
placaas11227.jpg;Class1\placaas11227.jpg;0;Class1;0;Class1;1
placaas11234.jpg;Class1\placaas11234.jpg;0;Class1;0;Class1;1
placaas11237.jpg;Class1\placaas11237.jpg;0;Class1;0;Class1;1
placaas11246.jpg;Class1\placaas11246.jpg;0;Class1;0;Class1;1
placaas11256.jpg;Class1\placaas11256.jpg;0;Class1;0;Class1;1
placaas11265.jpg;Class1\placaas11265.jpg;0;Class1;0;Class1;1
placaas11268.jpg;Class1\placaas11268.jpg;0;Class1;0;Class1;1
placaas11278.jpg;Class1\placaas11278.jpg;0;Class1;0;Class1;1
placaas11283.jpg;Class1\placaas11283.jpg;0;Class1;0;Class1;1
placaas11293.jpg;Class1\placaas11293.jpg;0;Class1;0;Class1;1
placaas11321.jpg;Class1\placaas11321.jpg;0;Class1;0;Class1;1
placaas11331.jpg;Class1\placaas11331.jpg;0;Class1;0;Class1;1
placaas11336.jpg;Class1\placaas11336.jpg;0;Class1;0;Class1;1
placaas11338.jpg;Class1\placaas11338.jpg;0;Class1;0;Class1;1
placaas11346.jpg;Class1\placaas11346.jpg;0;Class1;0;Class1;1
placaas11359.jpg;Class1\placaas11359.jpg;0;Class1;0;Class1;1
placaas11370.jpg;Class1\placaas11370.jpg;0;Class1;0;Class1;1
placaas11380.jpg;Class1\placaas11380.jpg;0;Class1;0;Class1;1
placaas11389.jpg;Class1\placaas11389.jpg;0;Class1;0;Class1;1
placaas11397.jpg;Class1\placaas11397.jpg;0;Class1;0;Class1;1
placaas11398.jpg;Class1\placaas11398.jpg;0;Class1;0;Class1;1
placaas11409.jpg;Class1\placaas11409.jpg;0;Class1;0;Class1;1
placaas11419.jpg;Class1\placaas11419.jpg;0;Class1;0;Class1;1
placas1004.jpg;Class1\placas1004.jpg;0;Class1;0;Class1;1
placas1031.jpg;Class1\placas1031.jpg;0;Class1;0;Class1;1
placas1042.jpg;Class1\placas1042.jpg;0;Class1;0;Class1;1
placas1055.jpg;Class1\placas1055.jpg;0;Class1;0;Class1;1
placas1088.jpg;Class1\placas1088.jpg;0;Class1;0;Class1;1
placas1113.jpg;Class1\placas1113.jpg;0;Class1;0;Class1;1
placas1130.jpg;Class1\placas1130.jpg;0;Class1;0;Class1;1
placas1139.jpg;Class1\placas1139.jpg;0;Class1;0;Class1;1
placas1143.jpg;Class1\placas1143.jpg;0;Class1;0;Class1;1
placas1144.jpg;Class1\placas1144.jpg;0;Class1;0;Class1;1
placas1158.jpg;Class1\placas1158.jpg;0;Class1;0;Class1;1
placas1160.jpg;Class1\placas1160.jpg;0;Class1;0;Class1;1
placas1174.jpg;Class1\placas1174.jpg;0;Class1;0;Class1;1
placas1196.jpg;Class1\placas1196.jpg;0;Class1;0;Class1;1
placas1203.jpg;Class1\placas1203.jpg;0;Class1;0;Class1;1
placas1213.jpg;Class1\placas1213.jpg;0;Class1;0;Class1;1
placas1214.jpg;Class1\placas1214.jpg;0;Class1;1;Class2;0
placas1251.jpg;Class1\placas1251.jpg;0;Class1;0;Class1;1
placas1271.jpg;Class1\placas1271.jpg;0;Class1;0;Class1;1
placas1275.jpg;Class1\placas1275.jpg;0;Class1;0;Class1;1
placas1278.jpg;Class1\placas1278.jpg;0;Class1;0;Class1;1
placas1280.jpg;Class1\placas1280.jpg;0;Class1;0;Class1;1
placas1285.jpg;Class1\placas1285.jpg;0;Class1;0;Class1;1
placas1286.jpg;Class1\placas1286.jpg;0;Class1;0;Class1;1
placas1296.jpg;Class1\placas1296.jpg;0;Class1;0;Class1;1
placas1307.jpg;Class1\placas1307.jpg;0;Class1;0;Class1;1
placas1332.jpg;Class1\placas1332.jpg;0;Class1;0;Class1;1
placas1341.jpg;Class1\placas1341.jpg;0;Class1;0;Class1;1
placas1345.jpg;Class1\placas1345.jpg;0;Class1;0;Class1;1
placas1349.jpg;Class1\placas1349.jpg;0;Class1;0;Class1;1
placas1362.jpg;Class1\placas1362.jpg;0;Class1;0;Class1;1
placas1380.jpg;Class1\placas1380.jpg;0;Class1;0;Class1;1
placas1399.jpg;Class1\placas1399.jpg;0;Class1;0;Class1;1
placas1411.jpg;Class1\placas1411.jpg;0;Class1;0;Class1;1
placas1478.jpg;Class1\placas1478.jpg;0;Class1;0;Class1;1
placas1505.jpg;Class1\placas1505.jpg;0;Class1;0;Class1;1
placas1624.jpg;Class1\placas1624.jpg;0;Class1;0;Class1;1
placas1628.jpg;Class1\placas1628.jpg;0;Class1;0;Class1;1
placas1639.jpg;Class1\placas1639.jpg;0;Class1;0;Class1;1
placas1646.jpg;Class1\placas1646.jpg;0;Class1;0;Class1;1
placas1656.jpg;Class1\placas1656.jpg;0;Class1;0;Class1;1
placas1658.jpg;Class1\placas1658.jpg;0;Class1;0;Class1;1
placas1660.jpg;Class1\placas1660.jpg;0;Class1;0;Class1;1
placas1676.jpg;Class1\placas1676.jpg;0;Class1;0;Class1;1
placas1685.jpg;Class1\placas1685.jpg;0;Class1;0;Class1;1
placas1688.jpg;Class1\placas1688.jpg;0;Class1;0;Class1;1
placas1708.jpg;Class1\placas1708.jpg;0;Class1;0;Class1;1
placas1722.jpg;Class1\placas1722.jpg;0;Class1;0;Class1;1
placas1733.jpg;Class1\placas1733.jpg;0;Class1;0;Class1;1
Motospl10002.jpg;Class2\Motospl10002.jpg;1;Class2;1;Class2;1
Motospl10004.jpg;Class2\Motospl10004.jpg;1;Class2;1;Class2;1
Motospl10010.jpg;Class2\Motospl10010.jpg;1;Class2;1;Class2;1
Motospl10018.jpg;Class2\Motospl10018.jpg;1;Class2;1;Class2;1
Motospl10034.jpg;Class2\Motospl10034.jpg;1;Class2;1;Class2;1
Motospl10035.jpg;Class2\Motospl10035.jpg;1;Class2;1;Class2;1
Motospl10039.jpg;Class2\Motospl10039.jpg;1;Class2;1;Class2;1
Motospl10041.jpg;Class2\Motospl10041.jpg;1;Class2;1;Class2;1
Motospl10045.jpg;Class2\Motospl10045.jpg;1;Class2;1;Class2;1
Motospl10068.jpg;Class2\Motospl10068.jpg;1;Class2;1;Class2;1
Motospl10094.jpg;Class2\Motospl10094.jpg;1;Class2;1;Class2;1
Motospl10102.jpg;Class2\Motospl10102.jpg;1;Class2;1;Class2;1
Motospl10111.jpg;Class2\Motospl10111.jpg;1;Class2;1;Class2;1
Motospl10121.jpg;Class2\Motospl10121.jpg;1;Class2;1;Class2;1
Motospl10128.jpg;Class2\Motospl10128.jpg;1;Class2;1;Class2;1
Motospl10135.jpg;Class2\Motospl10135.jpg;1;Class2;1;Class2;1
Motospl10136.jpg;Class2\Motospl10136.jpg;1;Class2;1;Class2;1
Motospl10153.jpg;Class2\Motospl10153.jpg;1;Class2;1;Class2;1
Motospl10173.jpg;Class2\Motospl10173.jpg;1;Class2;1;Class2;1
Motospl10184.jpg;Class2\Motospl10184.jpg;1;Class2;1;Class2;1
Motospl10186.jpg;Class2\Motospl10186.jpg;1;Class2;1;Class2;1
Motospl10191.jpg;Class2\Motospl10191.jpg;1;Class2;1;Class2;1
Motospl10201.jpg;Class2\Motospl10201.jpg;1;Class2;1;Class2;1
Motospl10215.jpg;Class2\Motospl10215.jpg;1;Class2;1;Class2;1
Motospl10222.jpg;Class2\Motospl10222.jpg;1;Class2;1;Class2;1
Motospl10226.jpg;Class2\Motospl10226.jpg;1;Class2;1;Class2;1
Motospl10246.jpg;Class2\Motospl10246.jpg;1;Class2;1;Class2;1
Motospl10247.jpg;Class2\Motospl10247.jpg;1;Class2;1;Class2;1
Motospl10260.jpg;Class2\Motospl10260.jpg;1;Class2;1;Class2;1
Motospl10264.jpg;Class2\Motospl10264.jpg;1;Class2;1;Class2;1
Motospl10281.jpg;Class2\Motospl10281.jpg;1;Class2;1;Class2;1
Motospl10286.jpg;Class2\Motospl10286.jpg;1;Class2;1;Class2;1
Motospl10296.jpg;Class2\Motospl10296.jpg;1;Class2;1;Class2;1
Motospl10308.jpg;Class2\Motospl10308.jpg;1;Class2;1;Class2;1
Motospl10315.jpg;Class2\Motospl10315.jpg;1;Class2;1;Class2;1
Motospl10325.jpg;Class2\Motospl10325.jpg;1;Class2;1;Class2;1
Motospl10343.jpg;Class2\Motospl10343.jpg;1;Class2;1;Class2;1
Motospl10344.jpg;Class2\Motospl10344.jpg;1;Class2;1;Class2;1
Motospl10352.jpg;Class2\Motospl10352.jpg;1;Class2;1;Class2;1
Motospl10354.jpg;Class2\Motospl10354.jpg;1;Class2;1;Class2;1
Motospl10355.jpg;Class2\Motospl10355.jpg;1;Class2;1;Class2;1
Motospl10358.jpg;Class2\Motospl10358.jpg;1;Class2;1;Class2;1
Motospl10362.jpg;Class2\Motospl10362.jpg;1;Class2;1;Class2;1
Motospl10363.jpg;Class2\Motospl10363.jpg;1;Class2;1;Class2;1
Motospl10372.jpg;Class2\Motospl10372.jpg;1;Class2;1;Class2;1
Motospl10380.jpg;Class2\Motospl10380.jpg;1;Class2;1;Class2;1
Motospl10388.jpg;Class2\Motospl10388.jpg;1;Class2;1;Class2;1
Motospl10389.jpg;Class2\Motospl10389.jpg;1;Class2;1;Class2;1
Motospl10396.jpg;Class2\Motospl10396.jpg;1;Class2;1;Class2;1
Motospl10397.jpg;Class2\Motospl10397.jpg;1;Class2;1;Class2;1
Motospl10406.jpg;Class2\Motospl10406.jpg;1;Class2;1;Class2;1
Motospl10411.jpg;Class2\Motospl10411.jpg;1;Class2;1;Class2;1
Motospl10415.jpg;Class2\Motospl10415.jpg;1;Class2;1;Class2;1
Motospl10419.jpg;Class2\Motospl10419.jpg;1;Class2;1;Class2;1
Motospl10424.jpg;Class2\Motospl10424.jpg;1;Class2;1;Class2;1
Motospl10427.jpg;Class2\Motospl10427.jpg;1;Class2;1;Class2;1
Motospl10430.jpg;Class2\Motospl10430.jpg;1;Class2;1;Class2;1
Motospl10437.jpg;Class2\Motospl10437.jpg;1;Class2;1;Class2;1
Motospl10442.jpg;Class2\Motospl10442.jpg;1;Class2;1;Class2;1
Motospl10456.jpg;Class2\Motospl10456.jpg;1;Class2;1;Class2;1
Motospl10470.jpg;Class2\Motospl10470.jpg;1;Class2;1;Class2;1
Motospl10472.jpg;Class2\Motospl10472.jpg;1;Class2;1;Class2;1
Motospl10476.jpg;Class2\Motospl10476.jpg;1;Class2;1;Class2;1
Motospl10477.jpg;Class2\Motospl10477.jpg;1;Class2;1;Class2;1
Motospl10481.jpg;Class2\Motospl10481.jpg;1;Class2;1;Class2;1
Motospl10485.jpg;Class2\Motospl10485.jpg;1;Class2;1;Class2;1
Motospl10489.jpg;Class2\Motospl10489.jpg;1;Class2;1;Class2;1
Motospl10490.jpg;Class2\Motospl10490.jpg;1;Class2;1;Class2;1
Motospl10492.jpg;Class2\Motospl10492.jpg;1;Class2;1;Class2;1
Motospl10504.jpg;Class2\Motospl10504.jpg;1;Class2;1;Class2;1
Motospl10516.jpg;Class2\Motospl10516.jpg;1;Class2;1;Class2;1
Motospl10521.jpg;Class2\Motospl10521.jpg;1;Class2;1;Class2;1
Motospl10533.jpg;Class2\Motospl10533.jpg;1;Class2;1;Class2;1
Motospl10548.jpg;Class2\Motospl10548.jpg;1;Class2;1;Class2;1
Motospl10555.jpg;Class2\Motospl10555.jpg;1;Class2;1;Class2;1
Motospl10556.jpg;Class2\Motospl10556.jpg;1;Class2;1;Class2;1
Motospl10558.jpg;Class2\Motospl10558.jpg;1;Class2;1;Class2;1
Motospl10560.jpg;Class2\Motospl10560.jpg;1;Class2;1;Class2;1
Motospl10563.jpg;Class2\Motospl10563.jpg;1;Class2;1;Class2;1
Motospl10570.jpg;Class2\Motospl10570.jpg;1;Class2;1;Class2;1
Motospl10574.jpg;Class2\Motospl10574.jpg;1;Class2;1;Class2;1
Motospl10576.jpg;Class2\Motospl10576.jpg;1;Class2;1;Class2;1
Motospl10579.jpg;Class2\Motospl10579.jpg;1;Class2;1;Class2;1
Motospl10586.jpg;Class2\Motospl10586.jpg;1;Class2;1;Class2;1
Motospl10588.jpg;Class2\Motospl10588.jpg;1;Class2;1;Class2;1
Motospl10589.jpg;Class2\Motospl10589.jpg;1;Class2;1;Class2;1
Motospl10590.jpg;Class2\Motospl10590.jpg;1;Class2;1;Class2;1
Motospl10595.jpg;Class2\Motospl10595.jpg;1;Class2;1;Class2;1
Motospl10596.jpg;Class2\Motospl10596.jpg;1;Class2;1;Class2;1
Motospl10598.jpg;Class2\Motospl10598.jpg;1;Class2;1;Class2;1
Motospl10601.jpg;Class2\Motospl10601.jpg;1;Class2;1;Class2;1
Motospl10615.jpg;Class2\Motospl10615.jpg;1;Class2;1;Class2;1
Motospl10635.jpg;Class2\Motospl10635.jpg;1;Class2;1;Class2;1
Motospl10638.jpg;Class2\Motospl10638.jpg;1;Class2;1;Class2;1
Motospl10651.jpg;Class2\Motospl10651.jpg;1;Class2;1;Class2;1
Motospl10669.jpg;Class2\Motospl10669.jpg;1;Class2;1;Class2;1
Motospl10674.jpg;Class2\Motospl10674.jpg;1;Class2;1;Class2;1
Motospl10678.jpg;Class2\Motospl10678.jpg;1;Class2;1;Class2;1
Motospl10695.jpg;Class2\Motospl10695.jpg;1;Class2;1;Class2;1
Motospl10696.jpg;Class2\Motospl10696.jpg;1;Class2;1;Class2;1
Motospl10700.jpg;Class2\Motospl10700.jpg;1;Class2;1;Class2;1
Motospl10702.jpg;Class2\Motospl10702.jpg;1;Class2;1;Class2;1
Motospl10704.jpg;Class2\Motospl10704.jpg;1;Class2;1;Class2;1
Motospl10706.jpg;Class2\Motospl10706.jpg;1;Class2;1;Class2;1
Motospl10708.jpg;Class2\Motospl10708.jpg;1;Class2;1;Class2;1
Motospl10711.jpg;Class2\Motospl10711.jpg;1;Class2;1;Class2;1
Motospl10712.jpg;Class2\Motospl10712.jpg;1;Class2;1;Class2;1
Motospl10730.jpg;Class2\Motospl10730.jpg;1;Class2;1;Class2;1
Motospl10733.jpg;Class2\Motospl10733.jpg;1;Class2;1;Class2;1
Motospl10738.jpg;Class2\Motospl10738.jpg;1;Class2;1;Class2;1
Motospl10774.jpg;Class2\Motospl10774.jpg;1;Class2;1;Class2;1
Motospl10780.jpg;Class2\Motospl10780.jpg;1;Class2;1;Class2;1
Motospl10786.jpg;Class2\Motospl10786.jpg;1;Class2;1;Class2;1
Motospl10789.jpg;Class2\Motospl10789.jpg;1;Class2;1;Class2;1
Motospl10791.jpg;Class2\Motospl10791.jpg;1;Class2;1;Class2;1
Motospl10792.jpg;Class2\Motospl10792.jpg;1;Class2;1;Class2;1
Motospl10798.jpg;Class2\Motospl10798.jpg;1;Class2;1;Class2;1
Motospl10826.jpg;Class2\Motospl10826.jpg;1;Class2;1;Class2;1
Motospl10834.jpg;Class2\Motospl10834.jpg;1;Class2;1;Class2;1
Motospl10835.jpg;Class2\Motospl10835.jpg;1;Class2;1;Class2;1
Motospl10856.jpg;Class2\Motospl10856.jpg;1;Class2;1;Class2;1
Motospl10870.jpg;Class2\Motospl10870.jpg;1;Class2;1;Class2;1
Motospl10871.jpg;Class2\Motospl10871.jpg;1;Class2;1;Class2;1
Motospl10875.jpg;Class2\Motospl10875.jpg;1;Class2;1;Class2;1
Motospl10876.jpg;Class2\Motospl10876.jpg;1;Class2;1;Class2;1
Motospl10888.jpg;Class2\Motospl10888.jpg;1;Class2;1;Class2;1
Motospl10896.jpg;Class2\Motospl10896.jpg;1;Class2;1;Class2;1
Motospl10901.jpg;Class2\Motospl10901.jpg;1;Class2;1;Class2;1
Motospl10903.jpg;Class2\Motospl10903.jpg;1;Class2;1;Class2;1
Motospl10908.jpg;Class2\Motospl10908.jpg;1;Class2;1;Class2;1
Motospl10918.jpg;Class2\Motospl10918.jpg;1;Class2;1;Class2;1
Motospl10921.jpg;Class2\Motospl10921.jpg;1;Class2;1;Class2;1
Motospl10924.jpg;Class2\Motospl10924.jpg;1;Class2;1;Class2;1
Motospl10932.jpg;Class2\Motospl10932.jpg;1;Class2;1;Class2;1
Motospl10934.jpg;Class2\Motospl10934.jpg;1;Class2;1;Class2;1
Motospl10938.jpg;Class2\Motospl10938.jpg;1;Class2;1;Class2;1
Motospl10950.jpg;Class2\Motospl10950.jpg;1;Class2;1;Class2;1
Motospl10956.jpg;Class2\Motospl10956.jpg;1;Class2;1;Class2;1
Motospl10968.jpg;Class2\Motospl10968.jpg;1;Class2;1;Class2;1
Motospl10980.jpg;Class2\Motospl10980.jpg;1;Class2;1;Class2;1
Motospl10992.jpg;Class2\Motospl10992.jpg;1;Class2;1;Class2;1
Motospl11003.jpg;Class2\Motospl11003.jpg;1;Class2;1;Class2;1
Motospl11010.jpg;Class2\Motospl11010.jpg;1;Class2;1;Class2;1
Motospl11013.jpg;Class2\Motospl11013.jpg;1;Class2;1;Class2;1
Motospl11020.jpg;Class2\Motospl11020.jpg;1;Class2;1;Class2;1
Motospl11024.jpg;Class2\Motospl11024.jpg;1;Class2;1;Class2;1
Motospl11034.jpg;Class2\Motospl11034.jpg;1;Class2;1;Class2;1
Motospl11048.jpg;Class2\Motospl11048.jpg;1;Class2;1;Class2;1
Motospl11049.jpg;Class2\Motospl11049.jpg;1;Class2;1;Class2;1
Motospl11051.jpg;Class2\Motospl11051.jpg;1;Class2;1;Class2;1
Motospl11057.jpg;Class2\Motospl11057.jpg;1;Class2;1;Class2;1
Motospl11060.jpg;Class2\Motospl11060.jpg;1;Class2;1;Class2;1
Motospl11069.jpg;Class2\Motospl11069.jpg;1;Class2;1;Class2;1
Motospl11095.jpg;Class2\Motospl11095.jpg;1;Class2;1;Class2;1
Motospl11111.jpg;Class2\Motospl11111.jpg;1;Class2;1;Class2;1
Motospl11113.jpg;Class2\Motospl11113.jpg;1;Class2;1;Class2;1
Motospl11133.jpg;Class2\Motospl11133.jpg;1;Class2;1;Class2;1
Motospl11135.jpg;Class2\Motospl11135.jpg;1;Class2;1;Class2;1
Motospl11137.jpg;Class2\Motospl11137.jpg;1;Class2;1;Class2;1
Motospl11138.jpg;Class2\Motospl11138.jpg;1;Class2;1;Class2;1
Motospl11160.jpg;Class2\Motospl11160.jpg;1;Class2;1;Class2;1
Motospl11163.jpg;Class2\Motospl11163.jpg;1;Class2;1;Class2;1
Motospl11173.jpg;Class2\Motospl11173.jpg;1;Class2;1;Class2;1
Motospl11174.jpg;Class2\Motospl11174.jpg;1;Class2;1;Class2;1
Motospl11179.jpg;Class2\Motospl11179.jpg;1;Class2;1;Class2;1
Motospl11180.jpg;Class2\Motospl11180.jpg;1;Class2;1;Class2;1
Motospl11191.jpg;Class2\Motospl11191.jpg;1;Class2;1;Class2;1
Motospl11201.jpg;Class2\Motospl11201.jpg;1;Class2;1;Class2;1
Motospl11207.jpg;Class2\Motospl11207.jpg;1;Class2;1;Class2;1
Motospl11224.jpg;Class2\Motospl11224.jpg;1;Class2;1;Class2;1
Motospl11225.jpg;Class2\Motospl11225.jpg;1;Class2;1;Class2;1
Motospl11227.jpg;Class2\Motospl11227.jpg;1;Class2;1;Class2;1
Motospl11238.jpg;Class2\Motospl11238.jpg;1;Class2;1;Class2;1
Motospl11240.jpg;Class2\Motospl11240.jpg;1;Class2;1;Class2;1
Motospl11252.jpg;Class2\Motospl11252.jpg;1;Class2;1;Class2;1
Motospl11260.jpg;Class2\Motospl11260.jpg;1;Class2;1;Class2;1
Motospl11261.jpg;Class2\Motospl11261.jpg;1;Class2;1;Class2;1
Motospl11267.jpg;Class2\Motospl11267.jpg;1;Class2;1;Class2;1
Motospl11271.jpg;Class2\Motospl11271.jpg;1;Class2;1;Class2;1
Motospl11277.jpg;Class2\Motospl11277.jpg;1;Class2;1;Class2;1
Motospl11278.jpg;Class2\Motospl11278.jpg;1;Class2;1;Class2;1
Motospl11282.jpg;Class2\Motospl11282.jpg;1;Class2;1;Class2;1
Motospl11293.jpg;Class2\Motospl11293.jpg;1;Class2;1;Class2;1
Motospl11294.jpg;Class2\Motospl11294.jpg;1;Class2;1;Class2;1
Motospl11321.jpg;Class2\Motospl11321.jpg;1;Class2;1;Class2;1
Motospl11326.jpg;Class2\Motospl11326.jpg;1;Class2;1;Class2;1
Motospl11327.jpg;Class2\Motospl11327.jpg;1;Class2;1;Class2;1
Motospl11332.jpg;Class2\Motospl11332.jpg;1;Class2;1;Class2;1
Motospl11351.jpg;Class2\Motospl11351.jpg;1;Class2;1;Class2;1
Motospl11364.jpg;Class2\Motospl11364.jpg;1;Class2;1;Class2;1
Motospl11367.jpg;Class2\Motospl11367.jpg;1;Class2;1;Class2;1
Motospl11370.jpg;Class2\Motospl11370.jpg;1;Class2;1;Class2;1
Motospl11380.jpg;Class2\Motospl11380.jpg;1;Class2;1;Class2;1
Motospl11385.jpg;Class2\Motospl11385.jpg;1;Class2;1;Class2;1
Motospl11400.jpg;Class2\Motospl11400.jpg;1;Class2;1;Class2;1
Motospl11403.jpg;Class2\Motospl11403.jpg;1;Class2;1;Class2;1
Motospl11428.jpg;Class2\Motospl11428.jpg;1;Class2;1;Class2;1
Motospl11451.jpg;Class2\Motospl11451.jpg;1;Class2;1;Class2;1
Motospl11453.jpg;Class2\Motospl11453.jpg;1;Class2;1;Class2;1
Motospl11458.jpg;Class2\Motospl11458.jpg;1;Class2;1;Class2;1
Motospl11473.jpg;Class2\Motospl11473.jpg;1;Class2;1;Class2;1
Motospl11474.jpg;Class2\Motospl11474.jpg;1;Class2;1;Class2;1
Motospl11475.jpg;Class2\Motospl11475.jpg;1;Class2;1;Class2;1
Motospl11484.jpg;Class2\Motospl11484.jpg;1;Class2;1;Class2;1
Motospl11486.jpg;Class2\Motospl11486.jpg;1;Class2;1;Class2;1
Motospl11487.jpg;Class2\Motospl11487.jpg;1;Class2;1;Class2;1
Motospl11489.jpg;Class2\Motospl11489.jpg;1;Class2;1;Class2;1
Motospl11502.jpg;Class2\Motospl11502.jpg;1;Class2;1;Class2;1
Motospl11517.jpg;Class2\Motospl11517.jpg;1;Class2;1;Class2;1
Motospl11521.jpg;Class2\Motospl11521.jpg;1;Class2;1;Class2;1
Motospl11523.jpg;Class2\Motospl11523.jpg;1;Class2;1;Class2;1
Motospl11527.jpg;Class2\Motospl11527.jpg;1;Class2;1;Class2;1
Motospl11549.jpg;Class2\Motospl11549.jpg;1;Class2;1;Class2;1
Motospl11553.jpg;Class2\Motospl11553.jpg;1;Class2;1;Class2;1
Motospl11556.jpg;Class2\Motospl11556.jpg;1;Class2;1;Class2;1
Motospl11562.jpg;Class2\Motospl11562.jpg;1;Class2;1;Class2;1
Motospl11575.jpg;Class2\Motospl11575.jpg;1;Class2;1;Class2;1
Motospl11583.jpg;Class2\Motospl11583.jpg;1;Class2;1;Class2;1
Motospl11586.jpg;Class2\Motospl11586.jpg;1;Class2;1;Class2;1
Motospl11590.jpg;Class2\Motospl11590.jpg;1;Class2;1;Class2;1
Motospl11599.jpg;Class2\Motospl11599.jpg;1;Class2;1;Class2;1
Motospl11622.jpg;Class2\Motospl11622.jpg;1;Class2;1;Class2;1
Motospl11624.jpg;Class2\Motospl11624.jpg;1;Class2;1;Class2;1
Motospl11626.jpg;Class2\Motospl11626.jpg;1;Class2;1;Class2;1
Motospl11627.jpg;Class2\Motospl11627.jpg;1;Class2;1;Class2;1
Motospl11636.jpg;Class2\Motospl11636.jpg;1;Class2;1;Class2;1
Motospl11647.jpg;Class2\Motospl11647.jpg;1;Class2;1;Class2;1
Motospl11648.jpg;Class2\Motospl11648.jpg;1;Class2;1;Class2;1
Motospl11658.jpg;Class2\Motospl11658.jpg;1;Class2;1;Class2;1
Motospl11660.jpg;Class2\Motospl11660.jpg;1;Class2;1;Class2;1
Motospl11664.jpg;Class2\Motospl11664.jpg;1;Class2;1;Class2;1
Motospl11665.jpg;Class2\Motospl11665.jpg;1;Class2;1;Class2;1
Motospl11677.jpg;Class2\Motospl11677.jpg;1;Class2;1;Class2;1
Motospl11680.jpg;Class2\Motospl11680.jpg;1;Class2;1;Class2;1
Motospl11687.jpg;Class2\Motospl11687.jpg;1;Class2;1;Class2;1
Motospl11695.jpg;Class2\Motospl11695.jpg;1;Class2;1;Class2;1
Motospl11700.jpg;Class2\Motospl11700.jpg;1;Class2;1;Class2;1
Motospl11710.jpg;Class2\Motospl11710.jpg;1;Class2;1;Class2;1
Motospl11719.jpg;Class2\Motospl11719.jpg;1;Class2;1;Class2;1
Motospl11736.jpg;Class2\Motospl11736.jpg;1;Class2;1;Class2;1
Motospl11746.jpg;Class2\Motospl11746.jpg;1;Class2;1;Class2;1
Motospl11747.jpg;Class2\Motospl11747.jpg;1;Class2;1;Class2;1
Motospl11759.jpg;Class2\Motospl11759.jpg;1;Class2;1;Class2;1
Motospl11765.jpg;Class2\Motospl11765.jpg;1;Class2;1;Class2;1
Motospl11766.jpg;Class2\Motospl11766.jpg;1;Class2;1;Class2;1
Motospl11776.jpg;Class2\Motospl11776.jpg;1;Class2;1;Class2;1
Motospl11792.jpg;Class2\Motospl11792.jpg;1;Class2;1;Class2;1
Motospl11795.jpg;Class2\Motospl11795.jpg;1;Class2;1;Class2;1
Motospl11796.jpg;Class2\Motospl11796.jpg;1;Class2;1;Class2;1
Motospl11804.jpg;Class2\Motospl11804.jpg;1;Class2;1;Class2;1
Motospl11809.jpg;Class2\Motospl11809.jpg;1;Class2;1;Class2;1
Motospl11815.jpg;Class2\Motospl11815.jpg;1;Class2;1;Class2;1
Motospl11816.jpg;Class2\Motospl11816.jpg;1;Class2;1;Class2;1
Motospl11821.jpg;Class2\Motospl11821.jpg;1;Class2;1;Class2;1
Motospl11822.jpg;Class2\Motospl11822.jpg;1;Class2;1;Class2;1
Motospl11826.jpg;Class2\Motospl11826.jpg;1;Class2;1;Class2;1
Motospl11833.jpg;Class2\Motospl11833.jpg;1;Class2;1;Class2;1
Motospl11857.jpg;Class2\Motospl11857.jpg;1;Class2;1;Class2;1
Motospl11862.jpg;Class2\Motospl11862.jpg;1;Class2;1;Class2;1
Motospl11866.jpg;Class2\Motospl11866.jpg;1;Class2;1;Class2;1
Motospl11873.jpg;Class2\Motospl11873.jpg;1;Class2;1;Class2;1
Motospl11879.jpg;Class2\Motospl11879.jpg;1;Class2;1;Class2;1
Motospl11885.jpg;Class2\Motospl11885.jpg;1;Class2;1;Class2;1
Motospl11889.jpg;Class2\Motospl11889.jpg;1;Class2;1;Class2;1
Motospl11892.jpg;Class2\Motospl11892.jpg;1;Class2;1;Class2;1
Motospl11907.jpg;Class2\Motospl11907.jpg;1;Class2;1;Class2;1
Motospl11909.jpg;Class2\Motospl11909.jpg;1;Class2;1;Class2;1
Motospl11910.jpg;Class2\Motospl11910.jpg;1;Class2;1;Class2;1
Motospl11916.jpg;Class2\Motospl11916.jpg;1;Class2;1;Class2;1
Motospl11920.jpg;Class2\Motospl11920.jpg;1;Class2;1;Class2;1
Motospl11922.jpg;Class2\Motospl11922.jpg;1;Class2;1;Class2;1
Motospl11931.jpg;Class2\Motospl11931.jpg;1;Class2;1;Class2;1
Motospl11934.jpg;Class2\Motospl11934.jpg;1;Class2;1;Class2;1
Motospl11938.jpg;Class2\Motospl11938.jpg;1;Class2;1;Class2;1
Motospl11942.jpg;Class2\Motospl11942.jpg;1;Class2;1;Class2;1
Motospl11943.jpg;Class2\Motospl11943.jpg;1;Class2;1;Class2;1
Motospl11944.jpg;Class2\Motospl11944.jpg;1;Class2;1;Class2;1
Motospl11946.jpg;Class2\Motospl11946.jpg;1;Class2;1;Class2;1
Motospl11951.jpg;Class2\Motospl11951.jpg;1;Class2;1;Class2;1
Motospl11961.jpg;Class2\Motospl11961.jpg;1;Class2;1;Class2;1
Motospl11965.jpg;Class2\Motospl11965.jpg;1;Class2;1;Class2;1
Motospl12021.jpg;Class2\Motospl12021.jpg;1;Class2;1;Class2;1
Motospl12024.jpg;Class2\Motospl12024.jpg;1;Class2;1;Class2;1
Motospl12028.jpg;Class2\Motospl12028.jpg;1;Class2;1;Class2;1
Motospl12034.jpg;Class2\Motospl12034.jpg;1;Class2;1;Class2;1
Motospl12049.jpg;Class2\Motospl12049.jpg;1;Class2;1;Class2;1
Motospl12050.jpg;Class2\Motospl12050.jpg;1;Class2;1;Class2;1
Motospl12056.jpg;Class2\Motospl12056.jpg;1;Class2;1;Class2;1
Motospl12059.jpg;Class2\Motospl12059.jpg;1;Class2;1;Class2;1
Motospl12065.jpg;Class2\Motospl12065.jpg;1;Class2;1;Class2;1
Motospl12071.jpg;Class2\Motospl12071.jpg;1;Class2;1;Class2;1
Motospl12073.jpg;Class2\Motospl12073.jpg;1;Class2;1;Class2;1
Motospl12076.jpg;Class2\Motospl12076.jpg;1;Class2;1;Class2;1
Motospl12077.jpg;Class2\Motospl12077.jpg;1;Class2;1;Class2;1
Motospl12087.jpg;Class2\Motospl12087.jpg;1;Class2;1;Class2;1
Motospl12100.jpg;Class2\Motospl12100.jpg;1;Class2;1;Class2;1
Motospl12101.jpg;Class2\Motospl12101.jpg;1;Class2;1;Class2;1
Motospl12102.jpg;Class2\Motospl12102.jpg;1;Class2;1;Class2;1
Motospl12121.jpg;Class2\Motospl12121.jpg;1;Class2;1;Class2;1
Motospl12122.jpg;Class2\Motospl12122.jpg;1;Class2;1;Class2;1
Motospl12125.jpg;Class2\Motospl12125.jpg;1;Class2;1;Class2;1
Motospl12146.jpg;Class2\Motospl12146.jpg;1;Class2;1;Class2;1
Motospl12151.jpg;Class2\Motospl12151.jpg;1;Class2;1;Class2;1
Motospl12164.jpg;Class2\Motospl12164.jpg;1;Class2;1;Class2;1
Motospl12168.jpg;Class2\Motospl12168.jpg;1;Class2;1;Class2;1
Motospl12169.jpg;Class2\Motospl12169.jpg;1;Class2;1;Class2;1
Motospl12184.jpg;Class2\Motospl12184.jpg;1;Class2;1;Class2;1
Motospl12188.jpg;Class2\Motospl12188.jpg;1;Class2;1;Class2;1
Motospl12191.jpg;Class2\Motospl12191.jpg;1;Class2;1;Class2;1
Motospl12199.jpg;Class2\Motospl12199.jpg;1;Class2;1;Class2;1
Motospl12203.jpg;Class2\Motospl12203.jpg;1;Class2;1;Class2;1
Motospl12206.jpg;Class2\Motospl12206.jpg;1;Class2;1;Class2;1
Motospl12213.jpg;Class2\Motospl12213.jpg;1;Class2;1;Class2;1
Motospl12241.jpg;Class2\Motospl12241.jpg;1;Class2;1;Class2;1
Motospl12252.jpg;Class2\Motospl12252.jpg;1;Class2;1;Class2;1
Motospl12260.jpg;Class2\Motospl12260.jpg;1;Class2;1;Class2;1
Motospl12268.jpg;Class2\Motospl12268.jpg;1;Class2;1;Class2;1
Motospl12269.jpg;Class2\Motospl12269.jpg;1;Class2;1;Class2;1
Motospl12280.jpg;Class2\Motospl12280.jpg;1;Class2;1;Class2;1
Motospl12282.jpg;Class2\Motospl12282.jpg;1;Class2;1;Class2;1
Motospl12283.jpg;Class2\Motospl12283.jpg;1;Class2;1;Class2;1
Motospl12287.jpg;Class2\Motospl12287.jpg;1;Class2;1;Class2;1
Motospl12301.jpg;Class2\Motospl12301.jpg;1;Class2;1;Class2;1
Motospl12305.jpg;Class2\Motospl12305.jpg;1;Class2;1;Class2;1
Motospl12307.jpg;Class2\Motospl12307.jpg;1;Class2;1;Class2;1
Motospl12319.jpg;Class2\Motospl12319.jpg;1;Class2;1;Class2;1
Motospl12323.jpg;Class2\Motospl12323.jpg;1;Class2;1;Class2;1
Motospl12333.jpg;Class2\Motospl12333.jpg;1;Class2;1;Class2;1
Motospl12344.jpg;Class2\Motospl12344.jpg;1;Class2;1;Class2;1
Motospl12351.jpg;Class2\Motospl12351.jpg;1;Class2;1;Class2;1
Motospl12357.jpg;Class2\Motospl12357.jpg;1;Class2;1;Class2;1
Motospl12370.jpg;Class2\Motospl12370.jpg;1;Class2;1;Class2;1
Motospl12379.jpg;Class2\Motospl12379.jpg;1;Class2;1;Class2;1
Motospl12386.jpg;Class2\Motospl12386.jpg;1;Class2;1;Class2;1
Motospl12392.jpg;Class2\Motospl12392.jpg;1;Class2;1;Class2;1
Motospl12393.jpg;Class2\Motospl12393.jpg;1;Class2;1;Class2;1
Motospl12402.jpg;Class2\Motospl12402.jpg;1;Class2;1;Class2;1
Motospl12403.jpg;Class2\Motospl12403.jpg;1;Class2;1;Class2;1
Motospl12405.jpg;Class2\Motospl12405.jpg;1;Class2;1;Class2;1
Motospl12423.jpg;Class2\Motospl12423.jpg;1;Class2;1;Class2;1
Motospl12433.jpg;Class2\Motospl12433.jpg;1;Class2;1;Class2;1
Motospl12442.jpg;Class2\Motospl12442.jpg;1;Class2;1;Class2;1
Placa0.png;Class2\Placa0.png;1;Class2;1;Class2;1
Placa106.png;Class2\Placa106.png;1;Class2;1;Class2;1
Placa107.png;Class2\Placa107.png;1;Class2;1;Class2;1
Placa11.png;Class2\Placa11.png;1;Class2;1;Class2;1
Placa12.png;Class2\Placa12.png;1;Class2;1;Class2;1
Placa125.png;Class2\Placa125.png;1;Class2;1;Class2;1
Placa126.png;Class2\Placa126.png;1;Class2;1;Class2;1
Placa145.png;Class2\Placa145.png;1;Class2;1;Class2;1
Placa149.png;Class2\Placa149.png;1;Class2;1;Class2;1
Placa150.png;Class2\Placa150.png;1;Class2;1;Class2;1
Placa155.png;Class2\Placa155.png;1;Class2;1;Class2;1
Placa158.png;Class2\Placa158.png;1;Class2;0;Class1;0
Placa165.png;Class2\Placa165.png;1;Class2;1;Class2;1
Placa170.png;Class2\Placa170.png;1;Class2;1;Class2;1
Placa171.png;Class2\Placa171.png;1;Class2;1;Class2;1
Placa180.png;Class2\Placa180.png;1;Class2;1;Class2;1
Placa182.png;Class2\Placa182.png;1;Class2;1;Class2;1
Placa183.png;Class2\Placa183.png;1;Class2;1;Class2;1
Placa187.png;Class2\Placa187.png;1;Class2;1;Class2;1
Placa195.png;Class2\Placa195.png;1;Class2;1;Class2;1
Placa2.png;Class2\Placa2.png;1;Class2;1;Class2;1
Placa33.png;Class2\Placa33.png;1;Class2;1;Class2;1
Placa36.png;Class2\Placa36.png;1;Class2;1;Class2;1
Placa47.png;Class2\Placa47.png;1;Class2;0;Class1;0
Placa50.png;Class2\Placa50.png;1;Class2;1;Class2;1
Placa57.png;Class2\Placa57.png;1;Class2;1;Class2;1
Placa62.png;Class2\Placa62.png;1;Class2;1;Class2;1
Placa63.png;Class2\Placa63.png;1;Class2;1;Class2;1
Placa7.png;Class2\Placa7.png;1;Class2;1;Class2;1
Placa74.png;Class2\Placa74.png;1;Class2;1;Class2;1
Placa82.png;Class2\Placa82.png;1;Class2;1;Class2;1
Placas11081.jpg;Class2\Placas11081.jpg;1;Class2;0;Class1;0
Placas11095.jpg;Class2\Placas11095.jpg;1;Class2;1;Class2;1
Placas11140.jpg;Class2\Placas11140.jpg;1;Class2;1;Class2;1
Placas11141.jpg;Class2\Placas11141.jpg;1;Class2;1;Class2;1
Placas11289.jpg;Class2\Placas11289.jpg;1;Class2;0;Class1;0
Placas11392.jpg;Class2\Placas11392.jpg;1;Class2;0;Class1;0
Placas11440.jpg;Class2\Placas11440.jpg;1;Class2;1;Class2;1
Placas11474.jpg;Class2\Placas11474.jpg;1;Class2;1;Class2;1
Placas11485.jpg;Class2\Placas11485.jpg;1;Class2;1;Class2;1
Placas11533.jpg;Class2\Placas11533.jpg;1;Class2;1;Class2;1
Placas11563.jpg;Class2\Placas11563.jpg;1;Class2;1;Class2;1
Placas11595.jpg;Class2\Placas11595.jpg;1;Class2;1;Class2;1
Placasia1001.png;Class2\Placasia1001.png;1;Class2;1;Class2;1
Placasia1010.png;Class2\Placasia1010.png;1;Class2;1;Class2;1
Placasia1014.png;Class2\Placasia1014.png;1;Class2;1;Class2;1
Placasia1033.png;Class2\Placasia1033.png;1;Class2;1;Class2;1
Placasia1035.png;Class2\Placasia1035.png;1;Class2;1;Class2;1
Placasia1039.png;Class2\Placasia1039.png;1;Class2;1;Class2;1
Placasia1045.png;Class2\Placasia1045.png;1;Class2;1;Class2;1
Placasia1046.png;Class2\Placasia1046.png;1;Class2;1;Class2;1
Placasm10076.jpg;Class2\Placasm10076.jpg;1;Class2;1;Class2;1
Placasm10176.jpg;Class2\Placasm10176.jpg;1;Class2;1;Class2;1
Placasm10386.jpg;Class2\Placasm10386.jpg;1;Class2;0;Class1;0
Placasm10816.jpg;Class2\Placasm10816.jpg;1;Class2;1;Class2;1
Placasm10862.jpg;Class2\Placasm10862.jpg;1;Class2;1;Class2;1
Placasm10958.jpg;Class2\Placasm10958.jpg;1;Class2;1;Class2;1
Placasm11089.jpg;Class2\Placasm11089.jpg;1;Class2;0;Class1;0
Placasm11131.jpg;Class2\Placasm11131.jpg;1;Class2;1;Class2;1
Placass10191.jpg;Class2\Placass10191.jpg;1;Class2;0;Class1;0
Placass10192.jpg;Class2\Placass10192.jpg;1;Class2;0;Class1;0
Placass10227.jpg;Class2\Placass10227.jpg;1;Class2;0;Class1;0
Placass10508.jpg;Class2\Placass10508.jpg;1;Class2;1;Class2;1
Placass10512.jpg;Class2\Placass10512.jpg;1;Class2;1;Class2;1
Placass10513.jpg;Class2\Placass10513.jpg;1;Class2;1;Class2;1
Placass10933.jpg;Class2\Placass10933.jpg;1;Class2;0;Class1;0
Placass10946.jpg;Class2\Placass10946.jpg;1;Class2;1;Class2;1
Placass10966.jpg;Class2\Placass10966.jpg;1;Class2;1;Class2;1
Placass11082.jpg;Class2\Placass11082.jpg;1;Class2;1;Class2;1
Placass11083.jpg;Class2\Placass11083.jpg;1;Class2;1;Class2;1
Placass11085.jpg;Class2\Placass11085.jpg;1;Class2;0;Class1;0
Placass11209.jpg;Class2\Placass11209.jpg;1;Class2;1;Class2;1
Placass11216.jpg;Class2\Placass11216.jpg;1;Class2;1;Class2;1
Placass11232.jpg;Class2\Placass11232.jpg;1;Class2;0;Class1;0
Placass11233.jpg;Class2\Placass11233.jpg;1;Class2;0;Class1;0
Placass11338.jpg;Class2\Placass11338.jpg;1;Class2;1;Class2;1
Placass11339.jpg;Class2\Placass11339.jpg;1;Class2;1;Class2;1
Placass11346.jpg;Class2\Placass11346.jpg;1;Class2;0;Class1;0
Placass11585.jpg;Class2\Placass11585.jpg;1;Class2;1;Class2;1
plaacaas1036.jpg;Class2\plaacaas1036.jpg;1;Class2;1;Class2;1
plaacaas1076.jpg;Class2\plaacaas1076.jpg;1;Class2;0;Class1;0
plaacaas1078.jpg;Class2\plaacaas1078.jpg;1;Class2;0;Class1;0
plaacaas1093.jpg;Class2\plaacaas1093.jpg;1;Class2;1;Class2;1
plaacaas1119.jpg;Class2\plaacaas1119.jpg;1;Class2;0;Class1;0
plaacaas1240.jpg;Class2\plaacaas1240.jpg;1;Class2;1;Class2;1
plaacaas1253.jpg;Class2\plaacaas1253.jpg;1;Class2;1;Class2;1
placaas10228.jpg;Class2\placaas10228.jpg;1;Class2;0;Class1;0
placaas10295.jpg;Class2\placaas10295.jpg;1;Class2;0;Class1;0
placaas10303.jpg;Class2\placaas10303.jpg;1;Class2;0;Class1;0
placaas10304.jpg;Class2\placaas10304.jpg;1;Class2;0;Class1;0
placaas10308.jpg;Class2\placaas10308.jpg;1;Class2;0;Class1;0
placaas10331.jpg;Class2\placaas10331.jpg;1;Class2;1;Class2;1
placaas10338.jpg;Class2\placaas10338.jpg;1;Class2;0;Class1;0
placaas10340.jpg;Class2\placaas10340.jpg;1;Class2;1;Class2;1
placaas10341.jpg;Class2\placaas10341.jpg;1;Class2;0;Class1;0
placaas10345.jpg;Class2\placaas10345.jpg;1;Class2;0;Class1;0
placaas10351.jpg;Class2\placaas10351.jpg;1;Class2;1;Class2;1
placaas10361.jpg;Class2\placaas10361.jpg;1;Class2;0;Class1;0
placaas10490.jpg;Class2\placaas10490.jpg;1;Class2;1;Class2;1
placaas10728.jpg;Class2\placaas10728.jpg;1;Class2;0;Class1;0
placaas10909.jpg;Class2\placaas10909.jpg;1;Class2;1;Class2;1
placaas10931.jpg;Class2\placaas10931.jpg;1;Class2;0;Class1;0
placaas10971.jpg;Class2\placaas10971.jpg;1;Class2;1;Class2;1
placaas11039.jpg;Class2\placaas11039.jpg;1;Class2;1;Class2;1
placas1058.jpg;Class2\placas1058.jpg;1;Class2;1;Class2;1
placas1070.jpg;Class2\placas1070.jpg;1;Class2;1;Class2;1
placas1071.jpg;Class2\placas1071.jpg;1;Class2;1;Class2;1
placas1231.jpg;Class2\placas1231.jpg;1;Class2;0;Class1;0
placas1266.jpg;Class2\placas1266.jpg;1;Class2;1;Class2;1
placas1268.jpg;Class2\placas1268.jpg;1;Class2;1;Class2;1
placas1293.jpg;Class2\placas1293.jpg;1;Class2;1;Class2;1
placas1301.jpg;Class2\placas1301.jpg;1;Class2;1;Class2;1
placas1425.jpg;Class2\placas1425.jpg;1;Class2;1;Class2;1
placas1487.jpg;Class2\placas1487.jpg;1;Class2;1;Class2;1
placas1492.jpg;Class2\placas1492.jpg;1;Class2;1;Class2;1
placas1494.jpg;Class2\placas1494.jpg;1;Class2;0;Class1;0
placas1496.jpg;Class2\placas1496.jpg;1;Class2;1;Class2;1
placas1500.jpg;Class2\placas1500.jpg;1;Class2;0;Class1;0
placas1536.jpg;Class2\placas1536.jpg;1;Class2;0;Class1;0
placas1568.jpg;Class2\placas1568.jpg;1;Class2;0;Class1;0
placas1591.jpg;Class2\placas1591.jpg;1;Class2;1;Class2;1
placas1592.jpg;Class2\placas1592.jpg;1;Class2;0;Class1;0
placas1594.jpg;Class2\placas1594.jpg;1;Class2;1;Class2;1
placas1595.jpg;Class2\placas1595.jpg;1;Class2;1;Class2;1
placas1596.jpg;Class2\placas1596.jpg;1;Class2;0;Class1;0
placas1614.jpg;Class2\placas1614.jpg;1;Class2;1;Class2;1
placas1714.jpg;Class2\placas1714.jpg;1;Class2;1;Class2;1
placas1728.jpg;Class2\placas1728.jpg;1;Class2;1;Class2;1
